,,,,,,,,
,,Sales Person,Geography,Product,Date,Amount,Customers,Boxes
,,Barr Faughny,  New Zealand,Raspberry Choco,1/1/2021,"$8,414 ",276,495
,,Dennison Crosswaite,   Canada,White Choc,1/1/2021,$532 ,317,54
,,Karlen McCaffrey,   USA,99% Dark & Pure,1/1/2021,"$5,376 ",178,269
,,Barr Faughny,New Zealand,Baker's Choco Chips,1/1/2021,$259 ,32,22
,,Beverie Moffet,   USA,Manuka Honey Choco,1/1/2021,"$5,530 ",4,179
,,Rafaelita Blaksland,   India,85% Dark Bars,1/1/2021,"$2,184 ",63,122
,,Oby Sorrel,   UK,Raspberry Choco,1/1/2021,"$1,057 ",295,71
,,Dotty Strutley,  Australia,Organic Choco Syrup,1/1/2021,"$1,036 ",370,37
,,Brien Boise,  Australia,Caramel Stuffed Bars,1/1/2021,"$4,039 ",536,176
,,Curtice Advani,New Zealand,Milk Bars,1/1/2021,"$12,894 ",115,478
,,Madelene Upcott, USA,Milk Bars,1/1/2021,"$4,669 ",121,180
,,Wilone O'Kielt,   New Zealand,Organic Choco Syrup,1/1/2021,"$6,377 ",184,246
,,Jehu Rudeforth,   Canada,Mint Chip Choco,1/1/2021,"$4,599 ",106,256
,,Jehu Rudeforth,USA,Orange Choco,1/1/2021,"$2,751 ",228,251
,,Brien Boise,  India,Eclairs,1/1/2021,"$15,596 ",32,975
,,Curtice Advani,   India,After Nines,1/1/2021,"$8,561 ",111,330
,,Camilla Castle, UK,Mint Chip Choco,1/1/2021,"$14,273 ",335,752
,,Dennison Crosswaite, New Zealand,85% Dark Bars,1/1/2021,"$2,506 ",99,148
,,Beverie Moffet,Canada,Spicy Special Slims,1/1/2021,"$2,387 ",134,89
,,Andria Kimpton,   USA,Drinking Coco,1/1/2021,"$7,553 ",67,280
,,Jehu Rudeforth,   New Zealand,Peanut Butter Cubes,1/1/2021,"$3,409 ",93,171
,,Kelci Walkden,   USA,Peanut Butter Cubes,1/1/2021,"$3,878 ",24,216
,,Karlen McCaffrey,  USA,Raspberry Choco,1/1/2021,"$3,052 ",76,204
,,Madelene Upcott, USA,Choco Coated Almonds,4/1/2021,"$19,229 ",64,1013
,,Kelci Walkden,  UK,Choco Coated Almonds,4/1/2021,"$1,988 ",179,95
,,Karlen McCaffrey,UK,Orange Choco,4/1/2021,$147 ,9,11
,,Oby Sorrel,  UK,Fruit & Nut Bars,4/1/2021,"$2,401 ",407,134
,,Husein Augar,   USA,Caramel Stuffed Bars,4/1/2021,"$2,814 ",296,94
,,Curtice Advani,  UK,Caramel Stuffed Bars,4/1/2021,"$5,390 ",61,216
,,Van Tuxwell,Canada,50% Dark Bites,4/1/2021,"$3,920 ",16,262
,,Beverie Moffet,Canada,70% Dark Bites,4/1/2021,"$7,539 ",502,943
,,Van Tuxwell,  India,Organic Choco Syrup,5/1/2021,"$17,248 ",163,664
,,Madelene Upcott,  UK,Almond Choco,5/1/2021,"$1,176 ",152,66
,,Rafaelita Blaksland, Australia,85% Dark Bars,5/1/2021,"$9,730 ",361,573
,,Marney O'Breen,   New Zealand,85% Dark Bars,5/1/2021,"$2,226 ",129,140
,,Madelene Upcott,UK,Fruit & Nut Bars,5/1/2021,"$7,063 ",250,643
,,Kaine Padly,New Zealand,After Nines,5/1/2021,"$7,399 ",420,275
,,Wilone O'Kielt, USA,Orange Choco,5/1/2021,"$4,284 ",230,306
,,Kaine Padly,   New Zealand,Raspberry Choco,5/1/2021,"$4,865 ",168,271
,,Curtice Advani,  New Zealand,70% Dark Bites,5/1/2021,"$3,780 ",111,315
,,Jan Morforth, India,Orange Choco,5/1/2021,"$3,059 ",484,279
,,Husein Augar,  UK,After Nines,5/1/2021,"$6,622 ",57,276
,,Wilone O'Kielt,India,Smooth Sliky Salty,6/1/2021,$644 ,116,34
,,Ches Bonnell,India,After Nines,6/1/2021,"$4,935 ",87,171
,,Jan Morforth,UK,Peanut Butter Cubes,6/1/2021,"$7,182 ",29,378
,,Andria Kimpton,   Australia,Orange Choco,6/1/2021,$539 ,10,77
,,Oby Sorrel,   UK,70% Dark Bites,6/1/2021,$637 ,79,91
,,Kaine Padly,USA,Baker's Choco Chips,6/1/2021,"$1,470 ",57,184
,,Brien Boise,  USA,85% Dark Bars,6/1/2021,"$1,442 ",108,61
,,Husein Augar,  USA,Smooth Sliky Salty,6/1/2021,"$9,023 ",224,564
,,Gunar Cockshoot, UK,Milk Bars,6/1/2021,"$2,709 ",27,101
,,Beverie Moffet,  Canada,Choco Coated Almonds,7/1/2021,"$5,733 ",193,338
,,Gigi Bohling, Canada,50% Dark Bites,7/1/2021,"$10,451 ",155,1307
,,Madelene Upcott,   India,Manuka Honey Choco,7/1/2021,"$11,228 ",236,388
,,Kelci Walkden,UK,Caramel Stuffed Bars,7/1/2021,"$3,073 ",137,129
,,Andria Kimpton,  Australia,85% Dark Bars,7/1/2021,"$5,467 ",109,288
,,Ches Bonnell,  USA,Smooth Sliky Salty,7/1/2021,"$4,067 ",272,226
,,Dennison Crosswaite,   India,Mint Chip Choco,8/1/2021,"$2,814 ",69,149
,,Roddy Speechley,New Zealand,Caramel Stuffed Bars,8/1/2021,"$2,716 ",299,105
,,Jehu Rudeforth,   Australia,Orange Choco,8/1/2021,"$3,570 ",61,325
,,Karlen McCaffrey, India,85% Dark Bars,8/1/2021,"$9,562 ",123,479
,,Rafaelita Blaksland,New Zealand,Peanut Butter Cubes,8/1/2021,"$2,373 ",2,104
,,Ches Bonnell, India,Caramel Stuffed Bars,8/1/2021,"$2,807 ",236,123
,,Brien Boise,  USA,Milk Bars,8/1/2021,$420 ,196,14
,,Curtice Advani,USA,Raspberry Choco,8/1/2021,"$8,239 ",157,515
,,Gigi Bohling,  New Zealand,50% Dark Bites,8/1/2021,"$6,797 ",114,486
,,Jehu Rudeforth,   New Zealand,85% Dark Bars,8/1/2021,"$6,048 ",56,319
,,Gigi Bohling,  Australia,Raspberry Choco,8/1/2021,$364 ,14,21
,,Beverie Moffet,Australia,White Choc,8/1/2021,"$6,496 ",15,406
,,Roddy Speechley,   USA,Orange Choco,8/1/2021,"$1,057 ",45,106
,,Ches Bonnell,   UK,Raspberry Choco,8/1/2021,$357 ,185,17
,,Ches Bonnell, Australia,Drinking Coco,8/1/2021,"$6,419 ",359,257
,,Ches Bonnell, Canada,Spicy Special Slims,8/1/2021,"$12,726 ",179,579
,,Marney O'Breen,USA,85% Dark Bars,11/1/2021,"$6,006 ",109,376
,,Kelci Walkden,UK,99% Dark & Pure,11/1/2021,"$5,124 ",33,285
,,Van Tuxwell, New Zealand,Milk Bars,11/1/2021,"$2,709 ",188,113
,,Barr Faughny,  Australia,Milk Bars,11/1/2021,"$7,238 ",67,315
,,Curtice Advani,  India,White Choc,12/1/2021,"$6,776 ",68,424
,,Husein Augar,UK,Milk Bars,12/1/2021,$189 ,123,8
,,Ches Bonnell,  USA,Fruit & Nut Bars,12/1/2021,"$4,669 ",217,390
,,Barr Faughny,  Canada,70% Dark Bites,12/1/2021,$490 ,188,35
,,Ches Bonnell,   Australia,70% Dark Bites,12/1/2021,"$4,235 ",76,283
,,Jan Morforth,USA,Drinking Coco,12/1/2021,"$4,487 ",161,187
,,Dennison Crosswaite,Canada,Baker's Choco Chips,12/1/2021,"$2,653 ",147,332
,,Wilone O'Kielt, New Zealand,Spicy Special Slims,12/1/2021,"$5,306 ",5,253
,,Marney O'Breen,   USA,50% Dark Bites,12/1/2021,"$6,888 ",112,689
,,Ches Bonnell, New Zealand,Organic Choco Syrup,12/1/2021,$721 ,45,24
,,Dotty Strutley,India,Spicy Special Slims,12/1/2021,"$8,610 ",124,345
,,Brien Boise,USA,Fruit & Nut Bars,12/1/2021,"$11,739 ",22,903
,,Marney O'Breen, India,Orange Choco,13/1/2021,"$4,774 ",206,341
,,Brien Boise,  Canada,50% Dark Bites,13/1/2021,"$6,307 ",123,789
,,Mallorie Waber, Canada,99% Dark & Pure,13/1/2021,"$4,340 ",168,217
,,Andria Kimpton,India,70% Dark Bites,13/1/2021,"$1,078 ",76,77
,,Jan Morforth, UK,Almond Choco,13/1/2021,"$5,418 ",287,247
,,Gunar Cockshoot,USA,Choco Coated Almonds,13/1/2021,"$6,069 ",268,434
,,Kelci Walkden,   USA,Choco Coated Almonds,13/1/2021,"$12,334 ",119,686
,,Ches Bonnell, UK,Drinking Coco,13/1/2021,$728 ,234,32
,,Mallorie Waber, India,Baker's Choco Chips,13/1/2021,"$2,135 ",179,165
,,Kaine Padly,New Zealand,85% Dark Bars,13/1/2021,"$2,121 ",130,89
,,Karlen McCaffrey,   UK,Milk Bars,14/1/2021,"$6,881 ",10,222
,,Roddy Speechley, New Zealand,Drinking Coco,14/1/2021,"$1,239 ",97,50
,,Marney O'Breen, Australia,Mint Chip Choco,14/1/2021,"$3,598 ",365,257
,,Madelene Upcott,Canada,Smooth Sliky Salty,14/1/2021,"$6,580 ",210,347
,,Ches Bonnell,   UK,Spicy Special Slims,14/1/2021,"$1,127 ",97,54
,,Jehu Rudeforth,  India,Peanut Butter Cubes,14/1/2021,"$3,605 ",345,139
,,Andria Kimpton, New Zealand,After Nines,14/1/2021,"$5,096 ",201,196
,,Camilla Castle,USA,99% Dark & Pure,14/1/2021,"$2,135 ",183,98
,,Jan Morforth,USA,Raspberry Choco,14/1/2021,$35 ,142,3
,,Husein Augar, India,70% Dark Bites,14/1/2021,"$13,090 ",17,935
,,Gigi Bohling,   UK,Smooth Sliky Salty,14/1/2021,"$15,785 ",209,1128
,,Oby Sorrel,   Australia,Fruit & Nut Bars,14/1/2021,"$14,574 ",86,810
,,Husein Augar,  New Zealand,Caramel Stuffed Bars,14/1/2021,"$3,556 ",195,143
,,Dennison Crosswaite,  USA,Fruit & Nut Bars,14/1/2021,"$14,532 ",142,969
,,Van Tuxwell,  New Zealand,Caramel Stuffed Bars,14/1/2021,"$4,445 ",340,159
,,Rafaelita Blaksland,  USA,Milk Bars,14/1/2021,"$10,339 ",207,357
,,Gunar Cockshoot, New Zealand,After Nines,14/1/2021,"$1,351 ",282,55
,,Dennison Crosswaite,New Zealand,Baker's Choco Chips,14/1/2021,"$4,011 ",260,335
,,Rafaelita Blaksland,UK,Fruit & Nut Bars,14/1/2021,"$5,306 ",333,483
,,Roddy Speechley,USA,After Nines,14/1/2021,"$18,704 ",78,585
,,Mallorie Waber, Canada,Smooth Sliky Salty,14/1/2021,"$9,310 ",62,582
,,Wilone O'Kielt, New Zealand,Eclairs,14/1/2021,"$1,211 ",37,61
,,Andria Kimpton, Canada,Raspberry Choco,15/1/2021,"$3,094 ",317,148
,,Rafaelita Blaksland,   New Zealand,Raspberry Choco,15/1/2021,"$4,949 ",244,248
,,Curtice Advani,New Zealand,99% Dark & Pure,15/1/2021,$308 ,91,19
,,Husein Augar,India,Caramel Stuffed Bars,15/1/2021,"$7,546 ",49,329
,,Karlen McCaffrey,  USA,85% Dark Bars,15/1/2021,"$6,713 ",422,373
,,Dotty Strutley, New Zealand,Caramel Stuffed Bars,15/1/2021,"$6,895 ",318,300
,,Dennison Crosswaite,   New Zealand,Mint Chip Choco,15/1/2021,"$3,430 ",120,202
,,Mallorie Waber,New Zealand,White Choc,18/1/2021,"$4,165 ",61,348
,,Camilla Castle,   India,Almond Choco,18/1/2021,"$2,380 ",209,159
,,Gunar Cockshoot, UK,White Choc,18/1/2021,"$6,594 ",114,413
,,Wilone O'Kielt,Australia,Raspberry Choco,18/1/2021,"$1,428 ",55,76
,,Beverie Moffet,   Australia,Drinking Coco,18/1/2021,"$2,646 ",150,116
,,Brien Boise,   India,Milk Bars,18/1/2021,$238 ,364,11
,,Roddy Speechley, Australia,Raspberry Choco,18/1/2021,$945 ,298,50
,,Husein Augar, UK,Spicy Special Slims,18/1/2021,"$9,436 ",102,337
,,Rafaelita Blaksland, USA,Spicy Special Slims,18/1/2021,"$4,081 ",116,152
,,Wilone O'Kielt,  USA,99% Dark & Pure,18/1/2021,"$10,556 ",25,587
,,Barr Faughny,   USA,White Choc,18/1/2021,"$2,331 ",38,167
,,Husein Augar,Canada,Organic Choco Syrup,19/1/2021,$896 ,346,32
,,Oby Sorrel,India,Manuka Honey Choco,19/1/2021,"$4,214 ",314,169
,,Oby Sorrel, Canada,Orange Choco,19/1/2021,"$2,121 ",90,177
,,Van Tuxwell, India,85% Dark Bars,19/1/2021,"$1,029 ",386,47
,,Ches Bonnell, India,Mint Chip Choco,19/1/2021,"$15,407 ",103,771
,,Gunar Cockshoot,New Zealand,Caramel Stuffed Bars,19/1/2021,"$10,129 ",134,406
,,Jan Morforth,USA,Smooth Sliky Salty,19/1/2021,"$16,380 ",203,1092
,,Roddy Speechley, India,White Choc,19/1/2021,"$3,899 ",102,279
,,Gigi Bohling, Canada,Spicy Special Slims,19/1/2021,"$12,075 ",264,432
,,Husein Augar,  USA,Manuka Honey Choco,19/1/2021,"$10,696 ",115,428
,,Beverie Moffet,  USA,Almond Choco,19/1/2021,"$4,039 ",436,238
,,Madelene Upcott,  India,Peanut Butter Cubes,19/1/2021,"$5,250 ",410,202
,,Mallorie Waber,  India,99% Dark & Pure,19/1/2021,"$8,113 ",25,508
,,Ches Bonnell,UK,Eclairs,19/1/2021,$161 ,95,10
,,Kaine Padly,   UK,Spicy Special Slims,19/1/2021,"$8,218 ",205,294
,,Curtice Advani, Australia,Baker's Choco Chips,19/1/2021,$742 ,80,53
,,Gunar Cockshoot,   USA,After Nines,19/1/2021,"$3,087 ",193,111
,,Ches Bonnell,   India,Manuka Honey Choco,19/1/2021,"$5,110 ",131,155
,,Wilone O'Kielt,New Zealand,Raspberry Choco,19/1/2021,"$5,873 ",164,267
,,Husein Augar, UK,Mint Chip Choco,19/1/2021,"$4,641 ",301,357
,,Wilone O'Kielt, New Zealand,Peanut Butter Cubes,20/1/2021,"$1,155 ",34,45
,,Brien Boise,   UK,50% Dark Bites,20/1/2021,$784 ,247,49
,,Camilla Castle, New Zealand,Mint Chip Choco,20/1/2021,"$5,369 ",16,384
,,Brien Boise,   Canada,Eclairs,20/1/2021,$343 ,338,18
,,Brien Boise,UK,70% Dark Bites,20/1/2021,"$7,007 ",38,584
,,Kelci Walkden,   India,Baker's Choco Chips,20/1/2021,$126 ,127,13
,,Marney O'Breen,India,99% Dark & Pure,20/1/2021,"$3,073 ",57,134
,,Beverie Moffet,   New Zealand,Choco Coated Almonds,21/1/2021,"$7,805 ",86,488
,,Andria Kimpton, UK,After Nines,21/1/2021,"$3,087 ",14,124
,,Jan Morforth,New Zealand,Choco Coated Almonds,21/1/2021,"$9,030 ",85,452
,,Wilone O'Kielt,USA,Smooth Sliky Salty,21/1/2021,"$7,805 ",6,411
,,Madelene Upcott,  India,After Nines,21/1/2021,"$6,979 ",38,233
,,Beverie Moffet,India,Drinking Coco,21/1/2021,"$11,284 ",39,513
,,Rafaelita Blaksland,  Australia,Milk Bars,21/1/2021,"$2,408 ",106,90
,,Gunar Cockshoot, UK,50% Dark Bites,21/1/2021,"$5,299 ",86,332
,,Brien Boise,  UK,Organic Choco Syrup,21/1/2021,"$6,293 ",158,234
,,Ches Bonnell, Australia,Almond Choco,21/1/2021,$280 ,408,17
,,Gigi Bohling,India,85% Dark Bars,21/1/2021,$644 ,483,30
,,Kaine Padly,   Australia,Choco Coated Almonds,21/1/2021,"$2,191 ",65,110
,,Marney O'Breen,  New Zealand,Choco Coated Almonds,21/1/2021,$427 ,267,26
,,Dotty Strutley, Canada,Smooth Sliky Salty,21/1/2021,"$5,537 ",346,426
,,Madelene Upcott,   Australia,99% Dark & Pure,21/1/2021,$742 ,264,31
,,Van Tuxwell,Canada,85% Dark Bars,21/1/2021,"$4,200 ",457,248
,,Ches Bonnell, UK,Baker's Choco Chips,21/1/2021,"$5,299 ",203,442
,,Ches Bonnell,   USA,Caramel Stuffed Bars,21/1/2021,"$3,829 ",286,160
,,Oby Sorrel,  New Zealand,Manuka Honey Choco,21/1/2021,"$5,747 ",70,192
,,Curtice Advani, New Zealand,85% Dark Bars,21/1/2021,"$2,345 ",199,147
,,Karlen McCaffrey,New Zealand,Orange Choco,22/1/2021,"$4,312 ",181,616
,,Camilla Castle, New Zealand,85% Dark Bars,22/1/2021,"$1,358 ",68,68
,,Barr Faughny,USA,Orange Choco,22/1/2021,"$13,146 ",85,1644
,,Gigi Bohling,  Australia,White Choc,22/1/2021,"$12,047 ",295,927
,,Ches Bonnell,Canada,Smooth Sliky Salty,22/1/2021,"$5,971 ",44,460
,,Marney O'Breen,  New Zealand,50% Dark Bites,22/1/2021,"$3,038 ",280,254
,,Oby Sorrel,  UK,Organic Choco Syrup,22/1/2021,"$8,022 ",167,268
,,Marney O'Breen,  Canada,Baker's Choco Chips,22/1/2021,"$2,226 ",1,248
,,Brien Boise,Canada,Caramel Stuffed Bars,22/1/2021,"$2,366 ",470,79
,,Roddy Speechley,   Australia,50% Dark Bites,22/1/2021,"$8,386 ",194,599
,,Gunar Cockshoot,  Canada,Organic Choco Syrup,22/1/2021,"$13,230 ",261,576
,,Rafaelita Blaksland,  UK,Almond Choco,22/1/2021,"$1,771 ",151,111
,,Jan Morforth, UK,Raspberry Choco,22/1/2021,"$3,416 ",458,228
,,Rafaelita Blaksland, UK,85% Dark Bars,22/1/2021,"$15,197 ",11,634
,,Ches Bonnell,New Zealand,Baker's Choco Chips,22/1/2021,"$5,971 ",59,498
,,Dennison Crosswaite, UK,Orange Choco,22/1/2021,"$13,335 ",227,1667
,,Van Tuxwell,   Canada,Choco Coated Almonds,22/1/2021,"$4,613 ",54,210
,,Karlen McCaffrey,India,Fruit & Nut Bars,22/1/2021,"$10,430 ",110,580
,,Oby Sorrel,USA,Almond Choco,22/1/2021,$168 ,94,10
,,Camilla Castle, UK,99% Dark & Pure,22/1/2021,"$4,606 ",256,192
,,Husein Augar, UK,White Choc,22/1/2021,"$1,491 ",193,136
,,Dennison Crosswaite,India,99% Dark & Pure,25/1/2021,"$12,194 ",302,509
,,Karlen McCaffrey, UK,Raspberry Choco,25/1/2021,"$10,122 ",206,533
,,Andria Kimpton,Australia,99% Dark & Pure,25/1/2021,"$1,841 ",164,88
,,Marney O'Breen,  UK,Orange Choco,25/1/2021,"$6,958 ",337,580
,,Kaine Padly,  India,99% Dark & Pure,25/1/2021,$749 ,323,35
,,Marney O'Breen,UK,Raspberry Choco,25/1/2021,"$3,507 ",48,195
,,Rafaelita Blaksland,New Zealand,Baker's Choco Chips,25/1/2021,"$7,294 ",122,562
,,Brien Boise,   India,Fruit & Nut Bars,25/1/2021,"$5,040 ",219,420
,,Brien Boise, India,Organic Choco Syrup,25/1/2021,"$3,913 ",257,157
,,Andria Kimpton,USA,50% Dark Bites,25/1/2021,"$3,598 ",101,300
,,Beverie Moffet,  USA,Spicy Special Slims,25/1/2021,"$8,911 ",302,319
,,Ches Bonnell,   New Zealand,Peanut Butter Cubes,25/1/2021,$42 ,35,2
,,Jan Morforth,   India,Choco Coated Almonds,25/1/2021,"$2,282 ",222,109
,,Van Tuxwell,   Canada,99% Dark & Pure,25/1/2021,"$12,964 ",242,541
,,Andria Kimpton,Canada,Smooth Sliky Salty,25/1/2021,"$5,775 ",219,361
,,Marney O'Breen,New Zealand,Spicy Special Slims,25/1/2021,"$10,787 ",100,400
,,Oby Sorrel, Australia,Choco Coated Almonds,25/1/2021,"$6,342 ",115,374
,,Dotty Strutley,India,Peanut Butter Cubes,25/1/2021,"$11,564 ",46,463
,,Gunar Cockshoot, USA,Raspberry Choco,25/1/2021,"$2,793 ",37,156
,,Madelene Upcott,   Canada,70% Dark Bites,25/1/2021,"$1,603 ",81,134
,,Curtice Advani,   Australia,Almond Choco,25/1/2021,"$3,052 ",357,180
,,Karlen McCaffrey,   Canada,Choco Coated Almonds,25/1/2021,"$1,659 ",82,83
,,Barr Faughny, New Zealand,Mint Chip Choco,25/1/2021,"$3,143 ",82,210
,,Dennison Crosswaite,   USA,Choco Coated Almonds,25/1/2021,"$12,782 ",212,609
,,Mallorie Waber,  New Zealand,70% Dark Bites,25/1/2021,$343 ,313,32
,,Brien Boise, New Zealand,White Choc,25/1/2021,"$1,785 ",216,138
,,Brien Boise,   Canada,Orange Choco,25/1/2021,"$4,914 ",46,615
,,Madelene Upcott,   UK,White Choc,26/1/2021,"$1,869 ",242,208
,,Wilone O'Kielt,   India,Spicy Special Slims,26/1/2021,"$8,512 ",173,387
,,Van Tuxwell,UK,Orange Choco,26/1/2021,"$9,296 ",1,716
,,Oby Sorrel,Australia,Drinking Coco,26/1/2021,"$6,034 ",229,263
,,Jehu Rudeforth, India,After Nines,26/1/2021,"$9,471 ",166,365
,,Kelci Walkden,   India,Peanut Butter Cubes,26/1/2021,"$3,815 ",146,166
,,Barr Faughny, New Zealand,Eclairs,26/1/2021,"$9,485 ",140,527
,,Marney O'Breen,USA,Organic Choco Syrup,26/1/2021,"$3,549 ",78,132
,,Wilone O'Kielt,  UK,Orange Choco,26/1/2021,"$1,512 ",61,117
,,Jan Morforth,Canada,Organic Choco Syrup,26/1/2021,"$2,296 ",113,96
,,Husein Augar, India,Milk Bars,27/1/2021,"$17,402 ",43,697
,,Kelci Walkden, UK,Fruit & Nut Bars,27/1/2021,"$11,816 ",160,844
,,Rafaelita Blaksland,  New Zealand,Organic Choco Syrup,27/1/2021,"$10,612 ",232,425
,,Barr Faughny, USA,Milk Bars,27/1/2021,"$5,558 ",263,192
,,Mallorie Waber, UK,Raspberry Choco,27/1/2021,"$14,056 ",148,781
,,Andria Kimpton, USA,Organic Choco Syrup,27/1/2021,"$5,131 ",171,166
,,Marney O'Breen,  USA,99% Dark & Pure,27/1/2021,"$1,477 ",352,87
,,Curtice Advani, Australia,Raspberry Choco,27/1/2021,"$7,686 ",72,549
,,Van Tuxwell,  UK,85% Dark Bars,27/1/2021,"$8,722 ",35,460
,,Ches Bonnell,UK,Organic Choco Syrup,27/1/2021,"$6,370 ",35,206
,,Gunar Cockshoot,   UK,85% Dark Bars,27/1/2021,"$4,074 ",208,240
,,Roddy Speechley, New Zealand,After Nines,27/1/2021,"$1,309 ",97,51
,,Kaine Padly,Australia,Smooth Sliky Salty,27/1/2021,"$4,991 ",137,357
,,Wilone O'Kielt, Canada,Peanut Butter Cubes,27/1/2021,"$6,965 ",91,367
,,Kelci Walkden, Australia,Manuka Honey Choco,27/1/2021,"$10,199 ",497,408
,,Karlen McCaffrey,  New Zealand,Choco Coated Almonds,27/1/2021,"$7,392 ",9,390
,,Barr Faughny,   New Zealand,Fruit & Nut Bars,27/1/2021,"$5,880 ",71,392
,,Wilone O'Kielt,  USA,After Nines,27/1/2021,"$5,950 ",25,238
,,Dotty Strutley,   USA,Organic Choco Syrup,27/1/2021,"$10,395 ",57,336
,,Jehu Rudeforth,  India,Drinking Coco,27/1/2021,"$6,174 ",33,247
,,Wilone O'Kielt,   New Zealand,70% Dark Bites,27/1/2021,"$15,239 ",170,1524
,,Mallorie Waber,Canada,Orange Choco,27/1/2021,"$2,219 ",145,247
,,Rafaelita Blaksland,New Zealand,70% Dark Bites,27/1/2021,"$3,150 ",70,243
,,Rafaelita Blaksland,  UK,Baker's Choco Chips,27/1/2021,"$2,968 ",216,212
,,Dennison Crosswaite, Canada,Mint Chip Choco,27/1/2021,"$3,241 ",199,163
,,Kelci Walkden,   Canada,Drinking Coco,27/1/2021,"$3,605 ",120,151
,,Oby Sorrel,   Canada,99% Dark & Pure,28/1/2021,"$3,640 ",169,174
,,Husein Augar,  Canada,99% Dark & Pure,28/1/2021,"$1,309 ",294,77
,,Jan Morforth, India,Eclairs,28/1/2021,"$10,346 ",131,739
,,Kelci Walkden, Canada,Raspberry Choco,28/1/2021,"$1,071 ",359,54
,,Husein Augar,UK,70% Dark Bites,28/1/2021,"$6,328 ",119,791
,,Kaine Padly,   Canada,After Nines,28/1/2021,"$1,820 ",143,68
,,Andria Kimpton, India,Choco Coated Almonds,28/1/2021,"$3,437 ",179,157
,,Rafaelita Blaksland,   UK,White Choc,28/1/2021,"$4,550 ",214,455
,,Barr Faughny,  Canada,Drinking Coco,28/1/2021,"$2,968 ",259,110
,,Dotty Strutley,   USA,Eclairs,28/1/2021,"$12,565 ",4,898
,,Rafaelita Blaksland,  Canada,Milk Bars,28/1/2021,"$8,246 ",294,318
,,Andria Kimpton,   India,Mint Chip Choco,28/1/2021,"$1,190 ",137,70
,,Roddy Speechley,  New Zealand,Eclairs,28/1/2021,"$3,283 ",146,183
,,Ches Bonnell,   Australia,Manuka Honey Choco,28/1/2021,"$3,087 ",300,115
,,Oby Sorrel,  India,Choco Coated Almonds,28/1/2021,"$6,531 ",244,297
,,Marney O'Breen, USA,White Choc,28/1/2021,"$4,228 ",55,249
,,Roddy Speechley,  USA,Caramel Stuffed Bars,28/1/2021,"$10,094 ",118,389
,,Mallorie Waber,   New Zealand,Milk Bars,28/1/2021,$182 ,46,6
,,Jehu Rudeforth, New Zealand,White Choc,28/1/2021,$616 ,151,37
,,Roddy Speechley, USA,Smooth Sliky Salty,29/1/2021,"$12,131 ",121,809
,,Kaine Padly,USA,Drinking Coco,29/1/2021,"$2,394 ",323,93
,,Karlen McCaffrey,   India,White Choc,29/1/2021,"$14,287 ",89,841
,,Husein Augar,New Zealand,Almond Choco,29/1/2021,"$10,941 ",185,730
,,Roddy Speechley,UK,Drinking Coco,29/1/2021,"$7,777 ",345,260
,,Curtice Advani, Canada,Orange Choco,29/1/2021,"$9,436 ",7,858
,,Kaine Padly,   Canada,Fruit & Nut Bars,29/1/2021,"$1,267 ",104,116
,,Kaine Padly, USA,After Nines,29/1/2021,"$8,806 ",32,327
,,Curtice Advani, UK,Choco Coated Almonds,29/1/2021,"$3,640 ",403,243
,,Kaine Padly,UK,Caramel Stuffed Bars,29/1/2021,"$4,900 ",239,182
,,Madelene Upcott,Australia,White Choc,29/1/2021,"$5,558 ",219,348
,,Camilla Castle,New Zealand,Almond Choco,29/1/2021,"$9,142 ",1,436
,,Dennison Crosswaite,UK,Mint Chip Choco,29/1/2021,"$3,514 ",143,235
,,Beverie Moffet, Canada,50% Dark Bites,29/1/2021,$140 ,91,10
,,Kelci Walkden, UK,Spicy Special Slims,1/2/2021,"$11,844 ",211,439
,,Gunar Cockshoot, New Zealand,Milk Bars,1/2/2021,"$6,517 ",54,233
,,Kaine Padly,  India,Milk Bars,1/2/2021,"$8,715 ",24,282
,,Gigi Bohling,   India,Organic Choco Syrup,1/2/2021,"$4,851 ",455,180
,,Barr Faughny, USA,Organic Choco Syrup,1/2/2021,"$10,983 ",185,379
,,Mallorie Waber,Australia,Baker's Choco Chips,1/2/2021,"$3,290 ",75,329
,,Husein Augar,  Australia,Organic Choco Syrup,1/2/2021,"$6,545 ",86,212
,,Gunar Cockshoot,   Canada,70% Dark Bites,1/2/2021,$441 ,7,45
,,Dotty Strutley,India,Choco Coated Almonds,1/2/2021,"$9,849 ",75,580
,,Andria Kimpton,New Zealand,White Choc,1/2/2021,"$3,073 ",9,308
,,Rafaelita Blaksland,USA,Organic Choco Syrup,1/2/2021,"$4,452 ",75,149
,,Karlen McCaffrey,Canada,85% Dark Bars,1/2/2021,"$10,220 ",105,538
,,Andria Kimpton,UK,70% Dark Bites,1/2/2021,"$3,150 ",11,210
,,Kaine Padly, USA,Smooth Sliky Salty,1/2/2021,"$6,083 ",43,381
,,Ches Bonnell,UK,Fruit & Nut Bars,1/2/2021,"$14,063 ",140,1407
,,Kaine Padly,  UK,70% Dark Bites,1/2/2021,"$4,578 ",256,306
,,Beverie Moffet,   India,White Choc,1/2/2021,"$6,454 ",21,461
,,Kelci Walkden,  USA,Manuka Honey Choco,2/2/2021,"$6,650 ",166,256
,,Barr Faughny, India,Peanut Butter Cubes,2/2/2021,"$2,436 ",203,94
,,Mallorie Waber,  New Zealand,Choco Coated Almonds,2/2/2021,"$6,944 ",33,331
,,Gigi Bohling,  India,After Nines,2/2/2021,"$19,817 ",126,684
,,Barr Faughny,   India,50% Dark Bites,2/2/2021,"$3,521 ",50,235
,,Karlen McCaffrey,   USA,After Nines,2/2/2021,"$10,458 ",546,327
,,Roddy Speechley, New Zealand,99% Dark & Pure,2/2/2021,"$1,302 ",401,57
,,Brien Boise,Australia,After Nines,2/2/2021,"$7,952 ",221,249
,,Jan Morforth,  Australia,Eclairs,2/2/2021,"$4,753 ",133,265
,,Husein Augar, India,85% Dark Bars,2/2/2021,"$11,452 ",81,546
,,Gunar Cockshoot,  India,Spicy Special Slims,2/2/2021,"$9,345 ",124,390
,,Marney O'Breen,  India,Mint Chip Choco,2/2/2021,"$7,490 ",172,357
,,Camilla Castle,India,Organic Choco Syrup,2/2/2021,"$1,519 ",127,57
,,Andria Kimpton, UK,Smooth Sliky Salty,2/2/2021,"$3,087 ",135,155
,,Curtice Advani, UK,Smooth Sliky Salty,2/2/2021,"$2,352 ",178,168
,,Rafaelita Blaksland,  Canada,Baker's Choco Chips,2/2/2021,"$11,578 ",76,891
,,Husein Augar,USA,Peanut Butter Cubes,2/2/2021,$462 ,223,22
,,Roddy Speechley,India,Caramel Stuffed Bars,3/2/2021,"$6,916 ",32,315
,,Husein Augar,  India,Orange Choco,3/2/2021,"$3,248 ",101,542
,,Camilla Castle,  Canada,Milk Bars,3/2/2021,"$6,475 ",431,240
,,Van Tuxwell, UK,Peanut Butter Cubes,3/2/2021,"$9,009 ",129,501
,,Rafaelita Blaksland,Canada,White Choc,3/2/2021,"$2,835 ",20,189
,,Dotty Strutley,India,Milk Bars,3/2/2021,"$7,644 ",77,294
,,Beverie Moffet,UK,70% Dark Bites,3/2/2021,"$3,360 ",48,240
,,Beverie Moffet,USA,Mint Chip Choco,3/2/2021,"$1,379 ",246,99
,,Jehu Rudeforth,USA,Organic Choco Syrup,3/2/2021,"$9,534 ",229,382
,,Rafaelita Blaksland,USA,Peanut Butter Cubes,3/2/2021,"$14,448 ",28,657
,,Roddy Speechley,  USA,Baker's Choco Chips,3/2/2021,"$3,829 ",432,240
,,Gunar Cockshoot, New Zealand,Orange Choco,4/2/2021,"$9,086 ",206,758
,,Kelci Walkden,   Canada,Milk Bars,4/2/2021,"$5,803 ",299,194
,,Camilla Castle, UK,Manuka Honey Choco,4/2/2021,$182 ,36,7
,,Madelene Upcott,   UK,85% Dark Bars,4/2/2021,"$9,863 ",21,520
,,Curtice Advani,   New Zealand,Orange Choco,4/2/2021,"$4,046 ",80,289
,,Andria Kimpton,  UK,Fruit & Nut Bars,4/2/2021,"$3,493 ",140,350
,,Jan Morforth,  Canada,Almond Choco,4/2/2021,$392 ,89,18
,,Gigi Bohling, India,Spicy Special Slims,4/2/2021,"$2,534 ",19,111
,,Jehu Rudeforth,UK,85% Dark Bars,4/2/2021,"$7,084 ",6,308
,,Gigi Bohling,   UK,Orange Choco,4/2/2021,"$4,809 ",70,344
,,Marney O'Breen,   Canada,Drinking Coco,4/2/2021,"$7,959 ",273,266
,,Kelci Walkden,   Canada,99% Dark & Pure,4/2/2021,"$10,521 ",231,527
,,Kelci Walkden, Canada,Fruit & Nut Bars,4/2/2021,$56 ,168,5
,,Beverie Moffet,  UK,Baker's Choco Chips,4/2/2021,"$3,017 ",103,189
,,Karlen McCaffrey, India,Orange Choco,4/2/2021,"$18,949 ",300,2707
,,Roddy Speechley,  UK,Milk Bars,4/2/2021,"$8,764 ",69,338
,,Dotty Strutley,   India,Raspberry Choco,4/2/2021,"$12,201 ",103,643
,,Oby Sorrel,USA,Spicy Special Slims,4/2/2021,"$11,935 ",189,460
,,Barr Faughny,   USA,Smooth Sliky Salty,4/2/2021,"$3,724 ",322,266
,,Van Tuxwell,Canada,Eclairs,4/2/2021,"$2,646 ",70,166
,,Gunar Cockshoot,  India,White Choc,4/2/2021,$686 ,18,46
,,Karlen McCaffrey,   Australia,Smooth Sliky Salty,4/2/2021,"$2,037 ",272,128
,,Van Tuxwell, India,Choco Coated Almonds,4/2/2021,"$6,300 ",208,300
,,Husein Augar, Canada,Peanut Butter Cubes,4/2/2021,"$2,541 ",14,111
,,Wilone O'Kielt,  India,Raspberry Choco,4/2/2021,"$1,883 ",97,118
,,Ches Bonnell,   India,Spicy Special Slims,4/2/2021,"$10,255 ",180,446
,,Jehu Rudeforth,UK,After Nines,5/2/2021,"$5,803 ",98,233
,,Andria Kimpton,  India,50% Dark Bites,5/2/2021,"$8,260 ",239,1033
,,Roddy Speechley,India,Baker's Choco Chips,5/2/2021,"$14,868 ",5,1859
,,Gunar Cockshoot,   USA,Eclairs,5/2/2021,"$4,137 ",10,276
,,Brien Boise,UK,After Nines,5/2/2021,"$7,161 ",480,276
,,Roddy Speechley,  USA,Drinking Coco,5/2/2021,"$9,625 ",149,332
,,Beverie Moffet,  Canada,Organic Choco Syrup,5/2/2021,"$12,852 ",296,429
,,Madelene Upcott, Canada,Eclairs,5/2/2021,"$7,546 ",365,581
,,Beverie Moffet, USA,Eclairs,5/2/2021,"$4,123 ",104,275
,,Mallorie Waber,  India,Organic Choco Syrup,5/2/2021,"$13,174 ",78,573
,,Rafaelita Blaksland, USA,50% Dark Bites,5/2/2021,"$7,637 ",161,546
,,Madelene Upcott,USA,Baker's Choco Chips,5/2/2021,"$3,311 ",128,332
,,Mallorie Waber,   India,Raspberry Choco,5/2/2021,"$2,338 ",52,107
,,Curtice Advani,  India,Caramel Stuffed Bars,8/2/2021,"$3,465 ",228,139
,,Rafaelita Blaksland,Australia,Peanut Butter Cubes,8/2/2021,"$2,345 ",435,107
,,Madelene Upcott,  Canada,Organic Choco Syrup,8/2/2021,"$12,698 ",53,471
,,Barr Faughny,New Zealand,85% Dark Bars,8/2/2021,"$6,678 ",24,334
,,Karlen McCaffrey,  Canada,Baker's Choco Chips,8/2/2021,"$4,851 ",120,324
,,Ches Bonnell, New Zealand,Drinking Coco,8/2/2021,$336 ,164,12
,,Karlen McCaffrey,  Canada,Orange Choco,8/2/2021,"$2,366 ",8,198
,,Ches Bonnell,   USA,99% Dark & Pure,8/2/2021,"$10,598 ",226,461
,,Barr Faughny,  India,Smooth Sliky Salty,8/2/2021,"$13,293 ",199,665
,,Van Tuxwell,Australia,50% Dark Bites,8/2/2021,"$2,086 ",90,261
,,Wilone O'Kielt,   Australia,Peanut Butter Cubes,8/2/2021,"$2,751 ",133,120
,,Dennison Crosswaite, Canada,Spicy Special Slims,8/2/2021,"$5,481 ",283,275
,,Andria Kimpton,   USA,Smooth Sliky Salty,8/2/2021,"$5,628 ",11,433
,,Jehu Rudeforth,USA,Caramel Stuffed Bars,8/2/2021,"$2,660 ",113,89
,,Oby Sorrel,  India,Almond Choco,9/2/2021,"$1,386 ",157,82
,,Rafaelita Blaksland,UK,Milk Bars,9/2/2021,"$11,060 ",175,382
,,Marney O'Breen,   Australia,Choco Coated Almonds,9/2/2021,"$2,919 ",147,172
,,Camilla Castle,  Canada,99% Dark & Pure,9/2/2021,"$8,680 ",334,457
,,Andria Kimpton,  USA,Spicy Special Slims,9/2/2021,"$1,484 ",362,71
,,Rafaelita Blaksland, Canada,Choco Coated Almonds,9/2/2021,"$16,919 ",199,996
,,Mallorie Waber,   Australia,After Nines,9/2/2021,"$13,188 ",215,440
,,Husein Augar,  Australia,Raspberry Choco,9/2/2021,"$4,998 ",182,294
,,Dotty Strutley, UK,85% Dark Bars,9/2/2021,"$6,146 ",64,342
,,Beverie Moffet, India,Milk Bars,9/2/2021,"$5,621 ",162,217
,,Madelene Upcott, UK,Mint Chip Choco,9/2/2021,$980 ,75,47
,,Jan Morforth,USA,Almond Choco,10/2/2021,"$7,343 ",116,350
,,Barr Faughny,Canada,Caramel Stuffed Bars,10/2/2021,"$1,750 ",9,63
,,Gigi Bohling,  India,Eclairs,10/2/2021,"$2,464 ",90,165
,,Andria Kimpton,  USA,Milk Bars,10/2/2021,"$1,974 ",47,86
,,Jehu Rudeforth,   Australia,70% Dark Bites,10/2/2021,"$11,823 ",52,986
,,Kelci Walkden, New Zealand,85% Dark Bars,10/2/2021,"$7,350 ",250,335
,,Kelci Walkden,   Canada,Baker's Choco Chips,10/2/2021,"$4,165 ",170,417
,,Gunar Cockshoot,  India,85% Dark Bars,10/2/2021,$630 ,41,28
,,Andria Kimpton,  Canada,Baker's Choco Chips,10/2/2021,"$2,282 ",238,143
,,Rafaelita Blaksland,  Canada,Fruit & Nut Bars,10/2/2021,"$5,250 ",37,292
,,Curtice Advani,  Canada,Almond Choco,10/2/2021,"$11,676 ",253,730
,,Rafaelita Blaksland,Australia,Caramel Stuffed Bars,10/2/2021,"$14,917 ",289,533
,,Jehu Rudeforth,  Canada,Manuka Honey Choco,11/2/2021,"$4,634 ",100,155
,,Gigi Bohling,  USA,Manuka Honey Choco,11/2/2021,$819 ,196,27
,,Brien Boise, India,Drinking Coco,11/2/2021,"$2,422 ",60,106
,,Jan Morforth,Canada,Manuka Honey Choco,11/2/2021,"$1,463 ",158,59
,,Kelci Walkden,   Canada,Manuka Honey Choco,11/2/2021,"$1,050 ",10,32
,,Oby Sorrel,UK,Peanut Butter Cubes,11/2/2021,"$1,526 ",527,85
,,Gunar Cockshoot,  New Zealand,50% Dark Bites,11/2/2021,$427 ,163,27
,,Curtice Advani,USA,Spicy Special Slims,11/2/2021,"$10,976 ",132,440
,,Wilone O'Kielt, New Zealand,Mint Chip Choco,12/2/2021,"$6,503 ",299,407
,,Jan Morforth,  UK,99% Dark & Pure,12/2/2021,$21 ,300,1
,,Gigi Bohling,  UK,Eclairs,12/2/2021,"$7,063 ",13,393
,,Roddy Speechley,   Canada,Peanut Butter Cubes,12/2/2021,"$3,990 ",50,200
,,Dotty Strutley,   New Zealand,70% Dark Bites,12/2/2021,"$1,806 ",184,129
,,Marney O'Breen,   India,White Choc,12/2/2021,"$10,136 ",115,597
,,Karlen McCaffrey,   UK,Almond Choco,12/2/2021,"$1,288 ",119,62
,,Oby Sorrel,  Canada,White Choc,12/2/2021,"$1,295 ",107,87
,,Andria Kimpton, USA,70% Dark Bites,12/2/2021,"$6,461 ",288,718
,,Jehu Rudeforth,  New Zealand,Manuka Honey Choco,12/2/2021,"$4,949 ",31,155
,,Madelene Upcott,New Zealand,Fruit & Nut Bars,12/2/2021,"$5,432 ",39,302
,,Kelci Walkden, Canada,Caramel Stuffed Bars,12/2/2021,"$7,112 ",55,246
,,Karlen McCaffrey,  UK,Peanut Butter Cubes,12/2/2021,$266 ,112,11
,,Gigi Bohling,USA,50% Dark Bites,12/2/2021,"$6,202 ",44,414
,,Jehu Rudeforth,  New Zealand,After Nines,15/2/2021,"$1,057 ",288,43
,,Kelci Walkden,UK,Drinking Coco,15/2/2021,"$1,925 ",460,67
,,Wilone O'Kielt,  India,85% Dark Bars,15/2/2021,"$1,841 ",185,77
,,Kaine Padly,Canada,Spicy Special Slims,15/2/2021,"$1,204 ",5,61
,,Wilone O'Kielt,New Zealand,85% Dark Bars,15/2/2021,"$4,074 ",146,186
,,Marney O'Breen,USA,Manuka Honey Choco,15/2/2021,"$4,473 ",39,150
,,Marney O'Breen,   UK,Baker's Choco Chips,15/2/2021,"$2,947 ",210,246
,,Van Tuxwell,  USA,Organic Choco Syrup,15/2/2021,"$15,386 ",59,642
,,Wilone O'Kielt,  UK,Milk Bars,15/2/2021,"$4,690 ",229,188
,,Roddy Speechley,   USA,White Choc,15/2/2021,$343 ,158,39
,,Dotty Strutley,   Canada,Mint Chip Choco,15/2/2021,"$3,052 ",393,146
,,Beverie Moffet,   Australia,Manuka Honey Choco,15/2/2021,$686 ,187,25
,,Wilone O'Kielt,  Canada,White Choc,15/2/2021,"$6,993 ",133,538
,,Mallorie Waber,   UK,Milk Bars,16/2/2021,"$5,236 ",170,169
,,Curtice Advani,  India,Spicy Special Slims,16/2/2021,"$8,638 ",212,333
,,Kaine Padly,New Zealand,Manuka Honey Choco,16/2/2021,"$5,712 ",288,191
,,Gunar Cockshoot,   USA,Mint Chip Choco,16/2/2021,"$6,258 ",334,330
,,Wilone O'Kielt,  USA,70% Dark Bites,16/2/2021,"$3,234 ",90,294
,,Kelci Walkden,India,Organic Choco Syrup,16/2/2021,"$17,577 ",32,677
,,Husein Augar,   USA,Eclairs,16/2/2021,"$12,684 ",217,668
,,Gigi Bohling,   India,99% Dark & Pure,16/2/2021,"$1,239 ",29,54
,,Kelci Walkden,   UK,50% Dark Bites,16/2/2021,"$3,402 ",55,243
,,Karlen McCaffrey,India,Choco Coated Almonds,16/2/2021,"$11,382 ",432,633
,,Madelene Upcott,India,Milk Bars,16/2/2021,"$7,133 ",212,265
,,Jehu Rudeforth,India,Milk Bars,17/2/2021,"$8,309 ",171,333
,,Van Tuxwell,  New Zealand,Fruit & Nut Bars,17/2/2021,"$1,435 ",3,131
,,Dennison Crosswaite, Canada,Eclairs,17/2/2021,"$3,227 ",126,216
,,Camilla Castle,   New Zealand,Drinking Coco,17/2/2021,$133 ,195,6
,,Gigi Bohling,   Australia,99% Dark & Pure,17/2/2021,"$5,446 ",425,273
,,Karlen McCaffrey,   India,99% Dark & Pure,17/2/2021,"$4,424 ",91,261
,,Jehu Rudeforth,   UK,Milk Bars,17/2/2021,"$1,827 ",168,80
,,Wilone O'Kielt,   New Zealand,Manuka Honey Choco,17/2/2021,"$8,232 ",264,305
,,Kaine Padly,   Australia,50% Dark Bites,17/2/2021,$861 ,262,62
,,Barr Faughny,   New Zealand,70% Dark Bites,17/2/2021,"$8,099 ",178,675
,,Rafaelita Blaksland,   Australia,Smooth Sliky Salty,17/2/2021,"$5,894 ",592,281
,,Camilla Castle,USA,After Nines,17/2/2021,"$8,211 ",601,257
,,Kaine Padly,  India,After Nines,17/2/2021,"$10,360 ",206,415
,,Dotty Strutley,UK,Milk Bars,17/2/2021,"$5,145 ",98,166
,,Ches Bonnell,  UK,50% Dark Bites,17/2/2021,"$9,163 ",235,1146
,,Rafaelita Blaksland,India,White Choc,17/2/2021,"$15,323 ",33,1393
,,Marney O'Breen,   Canada,Orange Choco,17/2/2021,"$7,994 ",177,1000
,,Jan Morforth, Canada,Choco Coated Almonds,17/2/2021,"$6,363 ",87,455
,,Oby Sorrel,   New Zealand,Peanut Butter Cubes,17/2/2021,"$3,262 ",185,172
,,Gigi Bohling, Australia,Drinking Coco,17/2/2021,"$2,793 ",93,127
,,Rafaelita Blaksland, India,Organic Choco Syrup,18/2/2021,"$8,491 ",338,340
,,Dennison Crosswaite, Australia,Caramel Stuffed Bars,18/2/2021,"$13,685 ",39,571
,,Mallorie Waber,   Canada,White Choc,18/2/2021,$770 ,137,52
,,Camilla Castle,  Canada,50% Dark Bites,18/2/2021,"$8,631 ",399,1079
,,Jehu Rudeforth,  New Zealand,Fruit & Nut Bars,18/2/2021,"$4,536 ",120,267
,,Rafaelita Blaksland, UK,99% Dark & Pure,18/2/2021,"$14,497 ",21,605
,,Rafaelita Blaksland,   Australia,Choco Coated Almonds,18/2/2021,"$7,672 ",112,452
,,Gunar Cockshoot, Australia,99% Dark & Pure,18/2/2021,"$10,878 ",329,573
,,Dennison Crosswaite,  Australia,50% Dark Bites,18/2/2021,"$12,572 ",94,1397
,,Beverie Moffet, Australia,50% Dark Bites,18/2/2021,"$1,575 ",90,105
,,Dennison Crosswaite,Canada,Manuka Honey Choco,18/2/2021,"$5,453 ",260,166
,,Beverie Moffet,   New Zealand,Manuka Honey Choco,18/2/2021,"$4,802 ",84,155
,,Marney O'Breen, India,Eclairs,19/2/2021,"$7,651 ",325,426
,,Madelene Upcott,India,Orange Choco,19/2/2021,"$2,079 ",527,260
,,Dennison Crosswaite,New Zealand,Spicy Special Slims,19/2/2021,"$2,100 ",62,81
,,Camilla Castle, Australia,Smooth Sliky Salty,19/2/2021,"$5,278 ",242,406
,,Barr Faughny,   USA,Spicy Special Slims,19/2/2021,"$4,249 ",19,164
,,Karlen McCaffrey, USA,Mint Chip Choco,19/2/2021,"$3,976 ",9,210
,,Oby Sorrel,   USA,After Nines,19/2/2021,"$6,951 ",183,218
,,Camilla Castle,UK,Spicy Special Slims,19/2/2021,$616 ,161,25
,,Andria Kimpton,UK,85% Dark Bars,19/2/2021,"$5,439 ",115,287
,,Brien Boise, India,50% Dark Bites,19/2/2021,$63 ,206,7
,,Brien Boise, Canada,Baker's Choco Chips,19/2/2021,"$1,533 ",115,110
,,Oby Sorrel,   USA,70% Dark Bites,19/2/2021,"$3,535 ",337,322
,,Jan Morforth, Canada,Spicy Special Slims,19/2/2021,"$2,429 ",4,111
,,Gunar Cockshoot,   India,Raspberry Choco,19/2/2021,"$7,119 ",144,356
,,Dennison Crosswaite, New Zealand,Drinking Coco,19/2/2021,"$3,521 ",304,118
,,Ches Bonnell,USA,After Nines,19/2/2021,"$3,745 ",177,118
,,Marney O'Breen, Australia,White Choc,19/2/2021,"$4,816 ",100,301
,,Dennison Crosswaite,   UK,Baker's Choco Chips,19/2/2021,"$1,736 ",72,193
,,Rafaelita Blaksland, Australia,70% Dark Bites,19/2/2021,"$1,099 ",139,92
,,Dotty Strutley,   UK,After Nines,19/2/2021,"$6,692 ",165,231
,,Dennison Crosswaite, Australia,Baker's Choco Chips,22/2/2021,$364 ,177,31
,,Ches Bonnell,  Canada,85% Dark Bars,22/2/2021,"$10,927 ",202,476
,,Karlen McCaffrey,  New Zealand,85% Dark Bars,22/2/2021,"$11,410 ",103,476
,,Roddy Speechley,   India,Organic Choco Syrup,22/2/2021,"$2,443 ",337,82
,,Dotty Strutley,   Canada,White Choc,22/2/2021,$329 ,257,26
,,Wilone O'Kielt,  New Zealand,Drinking Coco,22/2/2021,"$3,066 ",144,128
,,Beverie Moffet,   New Zealand,Baker's Choco Chips,22/2/2021,$567 ,243,38
,,Dotty Strutley,  New Zealand,Smooth Sliky Salty,22/2/2021,"$14,721 ",257,1052
,,Andria Kimpton,New Zealand,Choco Coated Almonds,22/2/2021,"$6,986 ",11,350
,,Curtice Advani,  USA,85% Dark Bars,22/2/2021,"$14,112 ",158,784
,,Ches Bonnell,UK,Smooth Sliky Salty,22/2/2021,"$1,771 ",605,137
,,Kelci Walkden, Australia,Peanut Butter Cubes,22/2/2021,"$5,082 ",164,231
,,Karlen McCaffrey,  Canada,Almond Choco,22/2/2021,"$1,827 ",48,102
,,Madelene Upcott, India,Drinking Coco,22/2/2021,$182 ,85,7
,,Ches Bonnell,  New Zealand,Choco Coated Almonds,22/2/2021,"$5,369 ",136,269
,,Curtice Advani,  USA,Drinking Coco,22/2/2021,"$6,034 ",169,275
,,Andria Kimpton,  Canada,Mint Chip Choco,22/2/2021,"$13,209 ",204,881
,,Karlen McCaffrey,  Australia,Caramel Stuffed Bars,22/2/2021,$847 ,263,30
,,Jehu Rudeforth,Canada,50% Dark Bites,22/2/2021,"$1,015 ",66,64
,,Dotty Strutley,Canada,50% Dark Bites,23/2/2021,"$16,247 ",215,2031
,,Mallorie Waber,  Canada,Baker's Choco Chips,23/2/2021,"$2,422 ",41,303
,,Brien Boise,   Canada,Peanut Butter Cubes,23/2/2021,"$3,997 ",333,174
,,Roddy Speechley, USA,Almond Choco,23/2/2021,"$7,182 ",125,479
,,Mallorie Waber,   India,Mint Chip Choco,23/2/2021,"$1,246 ",163,70
,,Roddy Speechley,   UK,Eclairs,23/2/2021,$553 ,50,27
,,Van Tuxwell,USA,Fruit & Nut Bars,23/2/2021,"$2,681 ",206,207
,,Oby Sorrel,Australia,Baker's Choco Chips,23/2/2021,"$2,800 ",78,234
,,Van Tuxwell,   UK,Raspberry Choco,23/2/2021,"$4,851 ",160,304
,,Gigi Bohling, Canada,Caramel Stuffed Bars,23/2/2021,$168 ,3,6
,,Husein Augar, Australia,Fruit & Nut Bars,23/2/2021,$315 ,5,21
,,Wilone O'Kielt,  Canada,Eclairs,23/2/2021,"$11,851 ",58,741
,,Dotty Strutley, New Zealand,Drinking Coco,23/2/2021,"$3,220 ",261,147
,,Gigi Bohling,   UK,70% Dark Bites,23/2/2021,"$11,935 ",307,1194
,,Gunar Cockshoot,   Canada,Peanut Butter Cubes,23/2/2021,"$12,404 ",186,478
,,Jehu Rudeforth,  Australia,Fruit & Nut Bars,24/2/2021,"$1,519 ",132,90
,,Jehu Rudeforth,  India,Caramel Stuffed Bars,24/2/2021,"$10,934 ",182,476
,,Camilla Castle,   UK,Peanut Butter Cubes,24/2/2021,"$3,346 ",179,129
,,Roddy Speechley, Canada,Spicy Special Slims,24/2/2021,"$8,351 ",36,398
,,Karlen McCaffrey, UK,White Choc,24/2/2021,"$11,718 ",76,733
,,Rafaelita Blaksland,Canada,Spicy Special Slims,24/2/2021,"$2,681 ",115,117
,,Jehu Rudeforth, India,50% Dark Bites,24/2/2021,"$6,188 ",292,563
,,Husein Augar, Australia,99% Dark & Pure,24/2/2021,"$10,941 ",182,521
,,Husein Augar, Canada,Milk Bars,24/2/2021,"$3,647 ",220,141
,,Van Tuxwell,   Canada,Peanut Butter Cubes,25/2/2021,"$2,436 ",130,122
,,Husein Augar,  Canada,Caramel Stuffed Bars,25/2/2021,$896 ,346,41
,,Wilone O'Kielt,  USA,Caramel Stuffed Bars,25/2/2021,"$3,808 ",17,174
,,Wilone O'Kielt,   Canada,Mint Chip Choco,25/2/2021,"$10,920 ",278,683
,,Jan Morforth,   New Zealand,Fruit & Nut Bars,25/2/2021,"$4,186 ",75,299
,,Roddy Speechley, Canada,85% Dark Bars,25/2/2021,"$6,797 ",72,309
,,Roddy Speechley,   Australia,Spicy Special Slims,25/2/2021,"$4,319 ",56,155
,,Marney O'Breen,   Canada,Smooth Sliky Salty,25/2/2021,"$1,673 ",99,105
,,Oby Sorrel,  New Zealand,Almond Choco,25/2/2021,$735 ,84,35
,,Oby Sorrel,   Australia,After Nines,25/2/2021,"$2,632 ",39,106
,,Wilone O'Kielt, New Zealand,Orange Choco,25/2/2021,"$2,030 ",68,170
,,Gunar Cockshoot,  USA,Manuka Honey Choco,25/2/2021,"$1,169 ",265,47
,,Andria Kimpton,   New Zealand,Mint Chip Choco,25/2/2021,"$3,703 ",54,206
,,Barr Faughny,  UK,White Choc,25/2/2021,$805 ,48,54
,,Van Tuxwell,  UK,Smooth Sliky Salty,25/2/2021,$406 ,260,21
,,Oby Sorrel,  Australia,Orange Choco,25/2/2021,"$3,591 ",73,360
,,Oby Sorrel, UK,White Choc,25/2/2021,"$5,551 ",210,463
,,Roddy Speechley,   Australia,White Choc,25/2/2021,"$3,605 ",347,258
,,Andria Kimpton,   Canada,Almond Choco,25/2/2021,"$6,356 ",38,374
,,Roddy Speechley,  Australia,70% Dark Bites,25/2/2021,$602 ,238,41
,,Van Tuxwell,  India,White Choc,26/2/2021,"$7,042 ",142,470
,,Jehu Rudeforth, Australia,Almond Choco,26/2/2021,"$2,968 ",215,142
,,Brien Boise,  India,Peanut Butter Cubes,26/2/2021,$294 ,80,17
,,Gigi Bohling, New Zealand,After Nines,26/2/2021,"$6,363 ",68,213
,,Andria Kimpton,USA,Fruit & Nut Bars,26/2/2021,$280 ,220,18
,,Husein Augar, Canada,Choco Coated Almonds,26/2/2021,$406 ,22,29
,,Madelene Upcott,   New Zealand,Drinking Coco,26/2/2021,"$4,144 ",374,139
,,Ches Bonnell,  New Zealand,Milk Bars,26/2/2021,"$5,341 ",179,173
,,Rafaelita Blaksland,   Australia,Fruit & Nut Bars,26/2/2021,"$2,947 ",103,197
,,Dennison Crosswaite,  New Zealand,70% Dark Bites,26/2/2021,"$12,026 ",166,926
,,Brien Boise,  New Zealand,Smooth Sliky Salty,26/2/2021,"$3,983 ",237,307
,,Wilone O'Kielt,  India,White Choc,26/2/2021,"$1,792 ",283,163
,,Barr Faughny,   UK,Milk Bars,26/2/2021,"$1,526 ",150,67
,,Oby Sorrel, USA,Organic Choco Syrup,26/2/2021,"$5,313 ",70,190
,,Ches Bonnell,   UK,After Nines,26/2/2021,"$7,728 ",48,242
,,Marney O'Breen,  Canada,85% Dark Bars,26/2/2021,$413 ,414,22
,,Mallorie Waber, India,White Choc,26/2/2021,"$4,431 ",13,493
,,Gunar Cockshoot,  USA,Fruit & Nut Bars,26/2/2021,"$1,036 ",240,58
,,Mallorie Waber,   USA,Orange Choco,26/2/2021,$217 ,147,25
,,Kelci Walkden,India,70% Dark Bites,26/2/2021,"$7,616 ",16,693
,,Karlen McCaffrey, UK,Organic Choco Syrup,26/2/2021,"$11,900 ",256,518
,,Camilla Castle,  New Zealand,70% Dark Bites,26/2/2021,"$10,437 ",350,1044
,,Madelene Upcott,India,Fruit & Nut Bars,1/3/2021,"$5,691 ",216,335
,,Jehu Rudeforth,  Australia,Raspberry Choco,1/3/2021,"$5,397 ",66,300
,,Ches Bonnell, USA,Organic Choco Syrup,1/3/2021,"$3,276 ",61,143
,,Andria Kimpton,  New Zealand,Drinking Coco,1/3/2021,"$4,102 ",14,187
,,Dennison Crosswaite,   Australia,Manuka Honey Choco,1/3/2021,$476 ,86,18
,,Dotty Strutley,  Canada,Organic Choco Syrup,1/3/2021,"$4,858 ",138,157
,,Andria Kimpton,   Canada,99% Dark & Pure,1/3/2021,"$7,259 ",69,404
,,Ches Bonnell,   India,Almond Choco,2/3/2021,"$6,209 ",35,311
,,Andria Kimpton,New Zealand,Organic Choco Syrup,2/3/2021,"$12,390 ",269,539
,,Oby Sorrel,UK,Choco Coated Almonds,2/3/2021,$686 ,103,41
,,Madelene Upcott, New Zealand,Milk Bars,2/3/2021,"$9,030 ",563,312
,,Dotty Strutley,  Canada,Almond Choco,2/3/2021,"$5,376 ",48,256
,,Roddy Speechley, Australia,Caramel Stuffed Bars,2/3/2021,"$2,898 ",17,126
,,Barr Faughny,  USA,Almond Choco,2/3/2021,"$18,900 ",13,945
,,Madelene Upcott,   USA,After Nines,2/3/2021,"$5,082 ",95,182
,,Marney O'Breen,   Australia,Raspberry Choco,2/3/2021,"$2,016 ",177,107
,,Brien Boise,   USA,Smooth Sliky Salty,2/3/2021,$847 ,145,50
,,Brien Boise,  New Zealand,Baker's Choco Chips,3/3/2021,"$4,200 ",57,350
,,Gunar Cockshoot,New Zealand,Peanut Butter Cubes,3/3/2021,"$17,577 ",190,977
,,Andria Kimpton,  India,Orange Choco,3/3/2021,$861 ,108,96
,,Gunar Cockshoot,   Canada,Drinking Coco,3/3/2021,"$3,829 ",434,142
,,Barr Faughny,UK,Manuka Honey Choco,3/3/2021,"$1,155 ",238,37
,,Beverie Moffet, Australia,Baker's Choco Chips,3/3/2021,"$11,123 ",189,1391
,,Jehu Rudeforth,  New Zealand,Baker's Choco Chips,3/3/2021,"$8,505 ",82,532
,,Gigi Bohling,   USA,Drinking Coco,3/3/2021,"$4,130 ",152,138
,,Dotty Strutley,  Australia,Milk Bars,3/3/2021,$420 ,43,15
,,Kaine Padly,  Australia,Eclairs,3/3/2021,$994 ,92,63
,,Jan Morforth,UK,Mint Chip Choco,3/3/2021,"$3,689 ",364,176
,,Marney O'Breen,  USA,Eclairs,3/3/2021,"$13,195 ",124,880
,,Karlen McCaffrey,Australia,Organic Choco Syrup,4/3/2021,"$6,545 ",276,219
,,Wilone O'Kielt, USA,Drinking Coco,4/3/2021,"$9,982 ",399,357
,,Mallorie Waber,  UK,85% Dark Bars,4/3/2021,"$6,363 ",95,398
,,Wilone O'Kielt,  Australia,Baker's Choco Chips,4/3/2021,"$14,336 ",50,1304
,,Roddy Speechley, India,Spicy Special Slims,4/3/2021,"$7,063 ",182,253
,,Rafaelita Blaksland,Australia,After Nines,4/3/2021,"$5,551 ",176,199
,,Gigi Bohling, USA,Orange Choco,4/3/2021,$448 ,319,38
,,Husein Augar,  UK,Choco Coated Almonds,5/3/2021,"$9,121 ",66,481
,,Wilone O'Kielt,Canada,Orange Choco,5/3/2021,"$6,258 ",277,626
,,Oby Sorrel,  Canada,Manuka Honey Choco,5/3/2021,"$10,752 ",111,347
,,Ches Bonnell,   New Zealand,85% Dark Bars,5/3/2021,"$12,411 ",100,540
,,Husein Augar,Australia,Manuka Honey Choco,5/3/2021,$308 ,74,10
,,Camilla Castle,USA,Fruit & Nut Bars,5/3/2021,"$10,689 ",296,764
,,Wilone O'Kielt,UK,Drinking Coco,5/3/2021,$448 ,98,16
,,Husein Augar,USA,Mint Chip Choco,5/3/2021,"$4,410 ",271,260
,,Kelci Walkden, UK,Baker's Choco Chips,8/3/2021,"$6,265 ",501,570
,,Gigi Bohling, Canada,Choco Coated Almonds,8/3/2021,"$7,301 ",116,366
,,Gunar Cockshoot, Australia,Manuka Honey Choco,8/3/2021,"$4,802 ",330,185
,,Dotty Strutley,Canada,Milk Bars,8/3/2021,"$1,358 ",99,53
,,Mallorie Waber,  USA,50% Dark Bites,8/3/2021,"$1,610 ",284,147
,,Gunar Cockshoot, UK,Peanut Butter Cubes,8/3/2021,$63 ,106,3
,,Gigi Bohling, New Zealand,Choco Coated Almonds,8/3/2021,$161 ,55,8
,,Dennison Crosswaite,Canada,Almond Choco,8/3/2021,"$1,246 ",157,70
,,Kelci Walkden,   India,After Nines,8/3/2021,$49 ,250,3
,,Andria Kimpton,USA,Almond Choco,8/3/2021,"$4,032 ",150,202
,,Madelene Upcott,   Canada,Orange Choco,8/3/2021,"$1,085 ",181,181
,,Brien Boise, USA,Spicy Special Slims,8/3/2021,"$4,347 ",135,174
,,Kelci Walkden,  Australia,Caramel Stuffed Bars,8/3/2021,"$7,084 ",193,322
,,Jan Morforth,   Canada,Raspberry Choco,8/3/2021,"$5,383 ",117,300
,,Curtice Advani,Canada,Fruit & Nut Bars,8/3/2021,"$1,351 ",232,123
,,Beverie Moffet,Australia,70% Dark Bites,8/3/2021,"$3,591 ",455,257
,,Jan Morforth,Canada,Fruit & Nut Bars,8/3/2021,"$1,540 ",27,154
,,Jehu Rudeforth,   USA,Drinking Coco,8/3/2021,"$9,884 ",113,341
,,Madelene Upcott,India,85% Dark Bars,8/3/2021,"$9,415 ",296,554
,,Dennison Crosswaite, Australia,Drinking Coco,8/3/2021,"$1,778 ",52,66
,,Rafaelita Blaksland,  Canada,Raspberry Choco,8/3/2021,"$8,120 ",224,370
,,Van Tuxwell,  UK,Milk Bars,8/3/2021,"$2,849 ",128,95
,,Jan Morforth, Australia,85% Dark Bars,8/3/2021,"$2,408 ",288,115
,,Kaine Padly, Canada,Caramel Stuffed Bars,8/3/2021,"$12,075 ",265,549
,,Curtice Advani,Canada,Manuka Honey Choco,8/3/2021,"$2,730 ",120,95
,,Beverie Moffet, UK,Raspberry Choco,9/3/2021,"$1,778 ",267,112
,,Madelene Upcott,   New Zealand,Orange Choco,9/3/2021,"$4,725 ",157,591
,,Jan Morforth,   Canada,Smooth Sliky Salty,9/3/2021,"$6,405 ",40,338
,,Gunar Cockshoot, UK,99% Dark & Pure,9/3/2021,"$2,674 ",402,122
,,Roddy Speechley,   India,99% Dark & Pure,9/3/2021,"$5,908 ",149,311
,,Roddy Speechley,  Australia,Almond Choco,9/3/2021,"$7,301 ",39,457
,,Roddy Speechley,   USA,Spicy Special Slims,9/3/2021,$154 ,101,6
,,Karlen McCaffrey,   USA,Orange Choco,9/3/2021,$343 ,103,29
,,Gunar Cockshoot,New Zealand,70% Dark Bites,9/3/2021,"$14,903 ",136,1656
,,Rafaelita Blaksland,  New Zealand,Fruit & Nut Bars,9/3/2021,"$5,390 ",482,318
,,Andria Kimpton,   Australia,Almond Choco,9/3/2021,$553 ,105,27
,,Van Tuxwell,UK,Spicy Special Slims,9/3/2021,"$7,266 ",70,346
,,Dotty Strutley,New Zealand,Mint Chip Choco,9/3/2021,"$8,792 ",32,419
,,Gigi Bohling,  India,Raspberry Choco,9/3/2021,"$8,967 ",154,561
,,Roddy Speechley,   India,85% Dark Bars,9/3/2021,"$3,661 ",269,167
,,Jan Morforth,  New Zealand,70% Dark Bites,10/3/2021,"$1,344 ",8,112
,,Kelci Walkden,   Australia,Orange Choco,10/3/2021,"$10,262 ",168,856
,,Gunar Cockshoot, India,Mint Chip Choco,10/3/2021,"$4,480 ",128,264
,,Mallorie Waber, New Zealand,Peanut Butter Cubes,10/3/2021,"$7,784 ",100,300
,,Barr Faughny,  USA,Caramel Stuffed Bars,10/3/2021,"$19,054 ",178,658
,,Rafaelita Blaksland,  New Zealand,99% Dark & Pure,10/3/2021,"$23,268 ",80,1058
,,Ches Bonnell,   India,Eclairs,11/3/2021,"$3,885 ",242,195
,,Rafaelita Blaksland,UK,Eclairs,11/3/2021,"$7,147 ",225,477
,,Beverie Moffet,   India,Organic Choco Syrup,11/3/2021,"$4,571 ",62,164
,,Van Tuxwell, Australia,Smooth Sliky Salty,11/3/2021,"$7,973 ",80,614
,,Kaine Padly,   UK,Milk Bars,11/3/2021,"$6,055 ",213,202
,,Andria Kimpton, New Zealand,Almond Choco,11/3/2021,$847 ,213,43
,,Ches Bonnell,New Zealand,Orange Choco,11/3/2021,"$4,914 ",147,702
,,Dennison Crosswaite,Australia,99% Dark & Pure,11/3/2021,"$1,358 ",204,76
,,Barr Faughny,   New Zealand,Caramel Stuffed Bars,11/3/2021,"$1,428 ",387,50
,,Dotty Strutley,USA,Peanut Butter Cubes,11/3/2021,"$8,764 ",50,439
,,Camilla Castle,Australia,Almond Choco,11/3/2021,"$10,472 ",107,456
,,Jehu Rudeforth, UK,Spicy Special Slims,11/3/2021,"$1,960 ",65,70
,,Gunar Cockshoot,   Canada,Eclairs,11/3/2021,"$10,171 ",69,536
,,Wilone O'Kielt,  Canada,Baker's Choco Chips,11/3/2021,"$8,253 ",13,551
,,Barr Faughny,India,Organic Choco Syrup,11/3/2021,"$9,534 ",86,367
,,Beverie Moffet,   Canada,99% Dark & Pure,11/3/2021,"$5,936 ",199,350
,,Barr Faughny,   UK,Eclairs,12/3/2021,$154 ,172,8
,,Ches Bonnell,  New Zealand,Manuka Honey Choco,12/3/2021,"$5,663 ",155,196
,,Andria Kimpton, UK,Baker's Choco Chips,12/3/2021,"$11,298 ",14,1256
,,Beverie Moffet,   Canada,Milk Bars,12/3/2021,"$1,309 ",237,49
,,Gunar Cockshoot, UK,Eclairs,12/3/2021,"$3,815 ",258,212
,,Van Tuxwell, Australia,Drinking Coco,12/3/2021,$385 ,227,16
,,Madelene Upcott,   USA,Peanut Butter Cubes,12/3/2021,$315 ,232,15
,,Curtice Advani,  India,Peanut Butter Cubes,12/3/2021,"$11,823 ",453,657
,,Gunar Cockshoot,Australia,Drinking Coco,12/3/2021,"$2,891 ",205,108
,,Jehu Rudeforth,  UK,Mint Chip Choco,12/3/2021,"$5,278 ",54,264
,,Oby Sorrel, UK,Spicy Special Slims,12/3/2021,"$8,036 ",118,335
,,Mallorie Waber,   UK,Peanut Butter Cubes,12/3/2021,"$2,940 ",142,128
,,Dennison Crosswaite,  India,Peanut Butter Cubes,12/3/2021,"$8,309 ",232,333
,,Karlen McCaffrey,India,Drinking Coco,12/3/2021,"$1,820 ",18,63
,,Ches Bonnell,  USA,Orange Choco,12/3/2021,"$1,393 ",153,127
,,Dennison Crosswaite,New Zealand,Manuka Honey Choco,12/3/2021,"$6,440 ",235,215
,,Kaine Padly,  UK,Organic Choco Syrup,12/3/2021,"$2,275 ",359,99
,,Barr Faughny,   UK,Spicy Special Slims,12/3/2021,"$3,941 ",209,180
,,Van Tuxwell, UK,70% Dark Bites,12/3/2021,$49 ,78,4
,,Madelene Upcott, USA,Almond Choco,12/3/2021,"$3,346 ",122,168
,,Dotty Strutley,   India,White Choc,15/3/2021,"$4,592 ",445,511
,,Mallorie Waber,   Australia,Fruit & Nut Bars,15/3/2021,"$8,862 ",152,522
,,Jehu Rudeforth,New Zealand,Eclairs,15/3/2021,"$9,590 ",133,640
,,Wilone O'Kielt, USA,85% Dark Bars,15/3/2021,"$7,175 ",47,359
,,Husein Augar, India,Spicy Special Slims,15/3/2021,"$2,534 ",119,91
,,Dennison Crosswaite, India,Eclairs,15/3/2021,"$1,162 ",3,62
,,Brien Boise,  Canada,Mint Chip Choco,15/3/2021,"$7,042 ",173,470
,,Curtice Advani,  India,Smooth Sliky Salty,15/3/2021,"$7,392 ",111,493
,,Roddy Speechley,Canada,Mint Chip Choco,15/3/2021,$371 ,191,20
,,Van Tuxwell,  New Zealand,Eclairs,16/3/2021,"$7,728 ",151,368
,,Oby Sorrel,Australia,Manuka Honey Choco,16/3/2021,$518 ,223,21
,,Ches Bonnell, India,Drinking Coco,16/3/2021,"$8,547 ",112,317
,,Kelci Walkden,Australia,Mint Chip Choco,16/3/2021,"$4,018 ",34,192
,,Mallorie Waber,  New Zealand,Caramel Stuffed Bars,16/3/2021,"$6,118 ",203,266
,,Karlen McCaffrey,   New Zealand,After Nines,16/3/2021,"$1,582 ",119,55
,,Van Tuxwell,New Zealand,85% Dark Bars,16/3/2021,"$3,626 ",309,214
,,Madelene Upcott,   Canada,After Nines,16/3/2021,"$8,981 ",152,360
,,Ches Bonnell, USA,70% Dark Bites,16/3/2021,"$3,304 ",306,255
,,Gunar Cockshoot, UK,After Nines,16/3/2021,"$6,076 ",74,196
,,Wilone O'Kielt,India,Baker's Choco Chips,16/3/2021,"$12,530 ",134,964
,,Dennison Crosswaite,   USA,Smooth Sliky Salty,16/3/2021,"$3,675 ",273,283
,,Kelci Walkden,UK,Raspberry Choco,16/3/2021,$434 ,152,28
,,Brien Boise,   India,Smooth Sliky Salty,16/3/2021,"$5,509 ",16,307
,,Barr Faughny,  India,Choco Coated Almonds,16/3/2021,"$10,843 ",228,517
,,Barr Faughny,   Canada,Orange Choco,16/3/2021,"$7,623 ",88,587
,,Barr Faughny,  Canada,Fruit & Nut Bars,16/3/2021,"$7,623 ",152,636
,,Barr Faughny, Canada,Spicy Special Slims,17/3/2021,"$6,573 ",185,313
,,Gigi Bohling,  India,White Choc,17/3/2021,"$2,520 ",95,149
,,Wilone O'Kielt, India,Choco Coated Almonds,17/3/2021,$910 ,14,54
,,Roddy Speechley, USA,70% Dark Bites,17/3/2021,"$5,397 ",8,416
,,Marney O'Breen, Canada,Organic Choco Syrup,17/3/2021,"$4,263 ",464,158
,,Beverie Moffet,   UK,Caramel Stuffed Bars,17/3/2021,"$7,637 ",114,273
,,Husein Augar, Canada,85% Dark Bars,17/3/2021,"$15,239 ",156,953
,,Van Tuxwell,USA,99% Dark & Pure,17/3/2021,"$7,840 ",81,392
,,Marney O'Breen,  Canada,Manuka Honey Choco,17/3/2021,"$1,302 ",298,51
,,Marney O'Breen, USA,Caramel Stuffed Bars,17/3/2021,"$3,192 ",459,128
,,Van Tuxwell,New Zealand,Organic Choco Syrup,17/3/2021,"$4,312 ",79,188
,,Madelene Upcott,USA,Organic Choco Syrup,17/3/2021,"$6,258 ",49,224
,,Gigi Bohling,   USA,Peanut Butter Cubes,17/3/2021,"$7,931 ",257,418
,,Beverie Moffet,   Canada,Peanut Butter Cubes,17/3/2021,"$2,576 ",67,129
,,Gunar Cockshoot,  India,Caramel Stuffed Bars,17/3/2021,$623 ,224,22
,,Oby Sorrel, UK,Caramel Stuffed Bars,17/3/2021,"$7,567 ",254,292
,,Jan Morforth, India,Peanut Butter Cubes,18/3/2021,"$6,363 ",179,266
,,Dennison Crosswaite,Canada,Peanut Butter Cubes,18/3/2021,"$1,645 ",97,75
,,Camilla Castle,  Canada,70% Dark Bites,18/3/2021,"$12,740 ",72,980
,,Karlen McCaffrey,  Canada,Smooth Sliky Salty,18/3/2021,"$6,755 ",504,483
,,Kelci Walkden,   India,Fruit & Nut Bars,18/3/2021,"$13,321 ",119,833
,,Andria Kimpton,Australia,Choco Coated Almonds,18/3/2021,"$1,078 ",41,57
,,Dotty Strutley,   Canada,99% Dark & Pure,18/3/2021,"$13,104 ",77,624
,,Kaine Padly,  Canada,Manuka Honey Choco,18/3/2021,"$10,241 ",74,366
,,Beverie Moffet,   UK,85% Dark Bars,19/3/2021,"$1,904 ",316,112
,,Kelci Walkden,   Canada,Smooth Sliky Salty,19/3/2021,"$4,116 ",89,217
,,Andria Kimpton,Canada,Spicy Special Slims,19/3/2021,"$1,302 ",24,55
,,Gunar Cockshoot,   Canada,Spicy Special Slims,19/3/2021,"$4,606 ",186,210
,,Camilla Castle,   India,Eclairs,19/3/2021,"$8,526 ",153,569
,,Beverie Moffet,Canada,Caramel Stuffed Bars,22/3/2021,"$13,832 ",187,577
,,Gunar Cockshoot,UK,Caramel Stuffed Bars,22/3/2021,"$10,962 ",24,392
,,Wilone O'Kielt,India,Mint Chip Choco,22/3/2021,"$5,383 ",212,317
,,Camilla Castle, Australia,Baker's Choco Chips,22/3/2021,"$2,856 ",138,179
,,Beverie Moffet,   USA,Organic Choco Syrup,22/3/2021,"$2,954 ",143,96
,,Gigi Bohling,   USA,Spicy Special Slims,22/3/2021,"$14,385 ",230,600
,,Brien Boise,  UK,Eclairs,22/3/2021,"$10,346 ",88,647
,,Roddy Speechley, India,Smooth Sliky Salty,22/3/2021,"$1,568 ",199,83
,,Husein Augar, UK,Organic Choco Syrup,22/3/2021,"$3,682 ",152,148
,,Dennison Crosswaite,India,After Nines,22/3/2021,"$5,544 ",162,185
,,Dennison Crosswaite,  USA,After Nines,22/3/2021,$252 ,48,10
,,Curtice Advani,  Canada,99% Dark & Pure,22/3/2021,"$6,230 ",68,271
,,Kelci Walkden,  New Zealand,After Nines,23/3/2021,"$3,724 ",37,129
,,Dennison Crosswaite,New Zealand,Fruit & Nut Bars,23/3/2021,"$5,544 ",59,427
,,Barr Faughny,   UK,Raspberry Choco,23/3/2021,"$8,624 ",54,392
,,Rafaelita Blaksland,  India,50% Dark Bites,23/3/2021,"$4,627 ",135,515
,,Barr Faughny, Australia,Fruit & Nut Bars,23/3/2021,"$13,237 ",374,1019
,,Ches Bonnell,Canada,Mint Chip Choco,23/3/2021,"$3,143 ",298,158
,,Jehu Rudeforth,  Canada,Organic Choco Syrup,23/3/2021,"$8,631 ",83,376
,,Curtice Advani,  Canada,Choco Coated Almonds,23/3/2021,"$4,886 ",343,288
,,Madelene Upcott,New Zealand,Almond Choco,23/3/2021,"$5,012 ",71,295
,,Oby Sorrel, USA,Mint Chip Choco,23/3/2021,"$7,847 ",353,462
,,Barr Faughny,   Canada,50% Dark Bites,24/3/2021,"$2,709 ",203,301
,,Oby Sorrel,  UK,Milk Bars,24/3/2021,"$8,918 ",295,372
,,Dennison Crosswaite,UK,Caramel Stuffed Bars,24/3/2021,"$11,942 ",436,543
,,Ches Bonnell, UK,70% Dark Bites,24/3/2021,"$19,173 ",42,1279
,,Marney O'Breen,  India,Caramel Stuffed Bars,24/3/2021,"$2,590 ",209,87
,,Marney O'Breen,  New Zealand,Raspberry Choco,24/3/2021,"$2,555 ",73,160
,,Brien Boise,   Australia,Mint Chip Choco,24/3/2021,$861 ,80,46
,,Kaine Padly,Australia,Caramel Stuffed Bars,24/3/2021,"$11,956 ",282,544
,,Kaine Padly,   New Zealand,70% Dark Bites,24/3/2021,"$8,589 ",226,661
,,Gigi Bohling,   UK,Peanut Butter Cubes,24/3/2021,"$6,496 ",196,361
,,Oby Sorrel,   Canada,Milk Bars,24/3/2021,"$5,299 ",203,204
,,Jan Morforth,   UK,Choco Coated Almonds,24/3/2021,"$4,858 ",174,324
,,Kelci Walkden,   New Zealand,99% Dark & Pure,24/3/2021,$357 ,204,19
,,Ches Bonnell, India,50% Dark Bites,24/3/2021,"$5,264 ",182,405
,,Andria Kimpton,Australia,Spicy Special Slims,24/3/2021,"$7,896 ",83,304
,,Gigi Bohling, USA,Baker's Choco Chips,24/3/2021,"$9,548 ",173,796
,,Ches Bonnell,   Australia,Raspberry Choco,24/3/2021,"$3,024 ",240,178
,,Rafaelita Blaksland, New Zealand,Milk Bars,24/3/2021,"$12,257 ",365,409
,,Gigi Bohling,   Canada,Milk Bars,24/3/2021,"$5,327 ",2,184
,,Madelene Upcott,   UK,After Nines,24/3/2021,$784 ,208,33
,,Ches Bonnell,UK,85% Dark Bars,25/3/2021,"$5,824 ",248,278
,,Camilla Castle, New Zealand,Peanut Butter Cubes,25/3/2021,"$11,354 ",119,494
,,Husein Augar,   Canada,Baker's Choco Chips,25/3/2021,"$7,245 ",185,725
,,Marney O'Breen,  New Zealand,Fruit & Nut Bars,25/3/2021,"$2,870 ",480,160
,,Camilla Castle,   New Zealand,Orange Choco,25/3/2021,$721 ,191,91
,,Wilone O'Kielt, USA,Milk Bars,25/3/2021,"$1,274 ",197,42
,,Kelci Walkden,UK,Almond Choco,25/3/2021,"$12,187 ",266,717
,,Beverie Moffet,  New Zealand,Mint Chip Choco,25/3/2021,"$17,969 ",77,899
,,Beverie Moffet, Australia,Caramel Stuffed Bars,25/3/2021,"$2,471 ",174,103
,,Jan Morforth,   UK,85% Dark Bars,25/3/2021,"$2,296 ",52,100
,,Mallorie Waber,   New Zealand,Almond Choco,25/3/2021,"$10,801 ",35,636
,,Barr Faughny,  Australia,Drinking Coco,25/3/2021,"$3,031 ",49,117
,,Barr Faughny,   USA,Fruit & Nut Bars,25/3/2021,$112 ,252,11
,,Gunar Cockshoot,  Australia,Caramel Stuffed Bars,25/3/2021,$329 ,130,14
,,Gunar Cockshoot,New Zealand,Fruit & Nut Bars,25/3/2021,"$9,590 ",154,600
,,Andria Kimpton,   Canada,Drinking Coco,25/3/2021,"$3,220 ",209,115
,,Wilone O'Kielt,  India,After Nines,25/3/2021,"$9,660 ",106,358
,,Ches Bonnell,  India,White Choc,25/3/2021,"$9,737 ",184,886
,,Gigi Bohling,UK,Baker's Choco Chips,25/3/2021,"$3,899 ",199,488
,,Brien Boise, UK,Manuka Honey Choco,26/3/2021,"$1,477 ",58,48
,,Kelci Walkden,   Australia,Spicy Special Slims,26/3/2021,"$4,242 ",324,152
,,Camilla Castle, USA,70% Dark Bites,26/3/2021,"$8,946 ",163,895
,,Camilla Castle,   India,Orange Choco,26/3/2021,"$14,504 ",150,1813
,,Kelci Walkden,  New Zealand,Manuka Honey Choco,26/3/2021,"$6,433 ",130,202
,,Curtice Advani, Canada,After Nines,26/3/2021,"$9,261 ",143,343
,,Oby Sorrel,New Zealand,85% Dark Bars,26/3/2021,$756 ,71,38
,,Gunar Cockshoot,   USA,Baker's Choco Chips,26/3/2021,"$4,018 ",10,447
,,Karlen McCaffrey, Australia,99% Dark & Pure,26/3/2021,$168 ,281,9
,,Gunar Cockshoot,Canada,Caramel Stuffed Bars,26/3/2021,"$4,004 ",16,149
,,Jan Morforth,Australia,99% Dark & Pure,26/3/2021,"$6,272 ",133,299
,,Ches Bonnell,India,70% Dark Bites,26/3/2021,"$5,215 ",87,348
,,Gunar Cockshoot,New Zealand,Spicy Special Slims,26/3/2021,"$3,094 ",21,148
,,Mallorie Waber, Australia,99% Dark & Pure,26/3/2021,"$9,324 ",171,583
,,Van Tuxwell,  UK,Organic Choco Syrup,26/3/2021,"$20,447 ",78,758
,,Kaine Padly,  India,Baker's Choco Chips,26/3/2021,"$14,189 ",19,1183
,,Jan Morforth,   India,Smooth Sliky Salty,26/3/2021,"$6,503 ",231,434
,,Curtice Advani,USA,Fruit & Nut Bars,26/3/2021,"$2,212 ",24,202
,,Husein Augar, New Zealand,Choco Coated Almonds,26/3/2021,"$2,975 ",45,142
,,Dotty Strutley,  USA,White Choc,29/3/2021,"$4,788 ",217,342
,,Jan Morforth,USA,White Choc,29/3/2021,"$9,604 ",201,565
,,Mallorie Waber, New Zealand,Drinking Coco,29/3/2021,$616 ,181,24
,,Oby Sorrel,  USA,50% Dark Bites,29/3/2021,"$7,644 ",4,695
,,Kaine Padly,   India,50% Dark Bites,29/3/2021,"$4,193 ",153,263
,,Madelene Upcott,Australia,Mint Chip Choco,29/3/2021,"$6,132 ",183,307
,,Oby Sorrel,New Zealand,Smooth Sliky Salty,29/3/2021,"$7,896 ",302,376
,,Jehu Rudeforth,  New Zealand,Organic Choco Syrup,29/3/2021,"$2,576 ",332,96
,,Jan Morforth,  India,Raspberry Choco,29/3/2021,"$2,821 ",197,157
,,Kaine Padly,  Australia,After Nines,29/3/2021,"$12,103 ",88,485
,,Dennison Crosswaite,   Canada,Smooth Sliky Salty,29/3/2021,"$5,271 ",330,377
,,Karlen McCaffrey, USA,Baker's Choco Chips,29/3/2021,"$5,117 ",66,512
,,Ches Bonnell,UK,Orange Choco,30/3/2021,"$4,767 ",232,434
,,Wilone O'Kielt, India,Caramel Stuffed Bars,30/3/2021,"$20,076 ",29,670
,,Camilla Castle,  New Zealand,Eclairs,30/3/2021,"$2,583 ",206,185
,,Oby Sorrel,  New Zealand,Orange Choco,30/3/2021,"$14,210 ",39,2030
,,Barr Faughny,  Canada,Baker's Choco Chips,30/3/2021,"$4,403 ",25,315
,,Gunar Cockshoot,Australia,Spicy Special Slims,30/3/2021,"$12,985 ",279,619
,,Dotty Strutley,Canada,85% Dark Bars,30/3/2021,"$1,358 ",63,68
,,Barr Faughny,   India,Baker's Choco Chips,30/3/2021,$203 ,330,19
,,Curtice Advani,   Australia,Eclairs,30/3/2021,"$1,281 ",275,99
,,Jehu Rudeforth,   Australia,Organic Choco Syrup,30/3/2021,"$13,475 ",119,539
,,Beverie Moffet, UK,White Choc,30/3/2021,"$1,547 ",200,119
,,Wilone O'Kielt,  India,Almond Choco,31/3/2021,"$6,013 ",217,317
,,Oby Sorrel,   Australia,70% Dark Bites,31/3/2021,"$10,703 ",21,1071
,,Brien Boise, Canada,After Nines,31/3/2021,"$7,630 ",236,306
,,Mallorie Waber,   USA,Eclairs,31/3/2021,"$5,369 ",251,384
,,Gunar Cockshoot,  Australia,Choco Coated Almonds,31/3/2021,"$7,917 ",115,360
,,Dennison Crosswaite,Australia,Eclairs,31/3/2021,$259 ,116,17
,,Brien Boise,  USA,Organic Choco Syrup,1/4/2021,"$3,115 ",22,112
,,Dotty Strutley,   UK,Eclairs,1/4/2021,"$10,731 ",117,537
,,Madelene Upcott,   UK,Eclairs,1/4/2021,"$2,352 ",21,181
,,Gunar Cockshoot,USA,99% Dark & Pure,1/4/2021,"$5,138 ",51,303
,,Rafaelita Blaksland,India,Orange Choco,1/4/2021,"$1,428 ",194,102
,,Kaine Padly, Australia,85% Dark Bars,1/4/2021,"$3,598 ",17,157
,,Wilone O'Kielt, Australia,Eclairs,1/4/2021,"$10,528 ",21,555
,,Kelci Walkden,   Canada,After Nines,2/4/2021,"$2,100 ",242,70
,,Mallorie Waber,  India,Milk Bars,2/4/2021,"$6,797 ",218,262
,,Dotty Strutley, USA,Caramel Stuffed Bars,2/4/2021,"$6,202 ",52,249
,,Gigi Bohling,Australia,Milk Bars,2/4/2021,"$8,001 ",4,348
,,Ches Bonnell,  USA,Mint Chip Choco,2/4/2021,"$13,832 ",294,814
,,Jan Morforth,USA,70% Dark Bites,2/4/2021,"$1,568 ",181,121
,,Jan Morforth,UK,Drinking Coco,2/4/2021,"$3,129 ",127,112
,,Gigi Bohling,Australia,After Nines,2/4/2021,"$6,944 ",2,278
,,Dotty Strutley,UK,Organic Choco Syrup,2/4/2021,"$7,672 ",17,265
,,Ches Bonnell,UK,99% Dark & Pure,2/4/2021,"$4,137 ",200,197
,,Dotty Strutley,  USA,Almond Choco,2/4/2021,"$1,365 ",155,72
,,Karlen McCaffrey,  New Zealand,Raspberry Choco,2/4/2021,"$7,238 ",381,453
,,Dotty Strutley,   New Zealand,Almond Choco,2/4/2021,"$10,500 ",355,457
,,Madelene Upcott, USA,Smooth Sliky Salty,2/4/2021,"$6,790 ",129,453
,,Dotty Strutley, India,70% Dark Bites,2/4/2021,"$7,203 ",63,515
,,Jehu Rudeforth,   India,Baker's Choco Chips,2/4/2021,"$6,202 ",86,443
,,Dennison Crosswaite,USA,White Choc,5/4/2021,"$8,351 ",1,696
,,Roddy Speechley,   India,70% Dark Bites,5/4/2021,$980 ,437,109
,,Husein Augar,Australia,85% Dark Bars,5/4/2021,"$12,908 ",182,562
,,Andria Kimpton, Canada,70% Dark Bites,5/4/2021,"$4,473 ",302,320
,,Wilone O'Kielt,   India,Manuka Honey Choco,6/4/2021,"$3,066 ",155,93
,,Marney O'Breen,India,Drinking Coco,6/4/2021,"$4,053 ",329,177
,,Wilone O'Kielt, UK,99% Dark & Pure,6/4/2021,"$3,024 ",155,152
,,Jan Morforth, Australia,Organic Choco Syrup,7/4/2021,"$2,100 ",147,68
,,Oby Sorrel,   Australia,Spicy Special Slims,7/4/2021,"$2,555 ",156,112
,,Andria Kimpton,UK,Organic Choco Syrup,7/4/2021,"$6,559 ",208,243
,,Beverie Moffet,  Canada,Eclairs,7/4/2021,"$8,176 ",183,390
,,Wilone O'Kielt,  UK,Almond Choco,7/4/2021,"$17,675 ",197,884
,,Madelene Upcott,Australia,Baker's Choco Chips,7/4/2021,"$11,004 ",175,1223
,,Camilla Castle,  New Zealand,Milk Bars,7/4/2021,"$2,233 ",292,77
,,Gigi Bohling,USA,Milk Bars,7/4/2021,"$16,359 ",14,712
,,Curtice Advani,   UK,70% Dark Bites,7/4/2021,"$3,192 ",21,228
,,Dotty Strutley,Canada,Eclairs,7/4/2021,"$5,313 ",275,380
,,Beverie Moffet,  Canada,Raspberry Choco,7/4/2021,"$1,841 ",223,97
,,Dennison Crosswaite,  UK,Spicy Special Slims,7/4/2021,"$9,884 ",13,396
,,Wilone O'Kielt, New Zealand,White Choc,7/4/2021,"$3,066 ",268,205
,,Andria Kimpton,Canada,Manuka Honey Choco,7/4/2021,"$11,207 ",254,362
,,Husein Augar,   India,50% Dark Bites,7/4/2021,"$6,321 ",86,452
,,Brien Boise, India,Orange Choco,7/4/2021,"$5,299 ",62,663
,,Dennison Crosswaite, Australia,Choco Coated Almonds,8/4/2021,"$11,578 ",63,552
,,Camilla Castle, India,99% Dark & Pure,8/4/2021,"$4,298 ",201,239
,,Marney O'Breen,Australia,Baker's Choco Chips,8/4/2021,"$9,548 ",17,682
,,Brien Boise,  New Zealand,Spicy Special Slims,8/4/2021,"$5,663 ",25,236
,,Brien Boise, UK,Spicy Special Slims,8/4/2021,$329 ,260,15
,,Brien Boise,   New Zealand,Mint Chip Choco,8/4/2021,"$9,275 ",165,489
,,Karlen McCaffrey,  Australia,After Nines,8/4/2021,$77 ,133,3
,,Brien Boise,India,Raspberry Choco,8/4/2021,"$4,256 ",110,224
,,Van Tuxwell,   UK,Almond Choco,9/4/2021,"$4,018 ",413,237
,,Kelci Walkden, UK,Mint Chip Choco,9/4/2021,"$6,699 ",138,479
,,Roddy Speechley,USA,85% Dark Bars,9/4/2021,"$4,571 ",17,241
,,Gigi Bohling, Australia,85% Dark Bars,9/4/2021,"$4,193 ",79,200
,,Madelene Upcott,USA,Orange Choco,9/4/2021,$392 ,175,28
,,Husein Augar,UK,Almond Choco,9/4/2021,"$3,192 ",18,146
,,Gigi Bohling,   Canada,Peanut Butter Cubes,9/4/2021,$154 ,48,7
,,Curtice Advani, UK,Drinking Coco,9/4/2021,"$5,502 ",112,212
,,Dotty Strutley,   UK,Orange Choco,9/4/2021,"$4,389 ",365,439
,,Ches Bonnell,   Australia,99% Dark & Pure,9/4/2021,"$12,215 ",120,764
,,Jan Morforth,UK,Orange Choco,9/4/2021,"$1,960 ",50,140
,,Van Tuxwell,India,Fruit & Nut Bars,9/4/2021,$994 ,389,77
,,Beverie Moffet,  New Zealand,Spicy Special Slims,9/4/2021,"$3,731 ",41,150
,,Jehu Rudeforth,   USA,Peanut Butter Cubes,12/4/2021,"$11,851 ",45,456
,,Madelene Upcott,   New Zealand,Manuka Honey Choco,12/4/2021,"$7,798 ",77,289
,,Brien Boise,New Zealand,99% Dark & Pure,12/4/2021,$658 ,82,32
,,Madelene Upcott, India,Baker's Choco Chips,12/4/2021,"$18,963 ",191,1355
,,Brien Boise,   India,99% Dark & Pure,12/4/2021,$574 ,383,34
,,Karlen McCaffrey,   Canada,Manuka Honey Choco,12/4/2021,$763 ,47,28
,,Marney O'Breen, Canada,50% Dark Bites,12/4/2021,"$1,295 ",218,108
,,Karlen McCaffrey,  USA,Spicy Special Slims,12/4/2021,"$1,281 ",349,61
,,Beverie Moffet,   Canada,Baker's Choco Chips,12/4/2021,"$6,657 ",364,606
,,Marney O'Breen,  Canada,Mint Chip Choco,12/4/2021,"$1,533 ",129,110
,,Mallorie Waber,   UK,99% Dark & Pure,12/4/2021,"$2,534 ",36,121
,,Van Tuxwell,USA,White Choc,12/4/2021,"$3,808 ",74,224
,,Andria Kimpton,  New Zealand,99% Dark & Pure,12/4/2021,"$7,637 ",90,425
,,Karlen McCaffrey, Canada,50% Dark Bites,13/4/2021,"$5,397 ",37,416
,,Barr Faughny,  Australia,Organic Choco Syrup,13/4/2021,"$5,649 ",97,202
,,Oby Sorrel, Canada,Drinking Coco,13/4/2021,"$2,996 ",136,116
,,Wilone O'Kielt,  Australia,Organic Choco Syrup,13/4/2021,"$2,247 ",351,87
,,Andria Kimpton,USA,Orange Choco,13/4/2021,"$1,092 ",136,84
,,Jan Morforth,   India,Mint Chip Choco,13/4/2021,"$4,368 ",23,292
,,Barr Faughny,Canada,White Choc,13/4/2021,$868 ,90,87
,,Kaine Padly,  USA,Milk Bars,13/4/2021,"$8,729 ",35,364
,,Jan Morforth,   USA,99% Dark & Pure,13/4/2021,"$2,065 ",17,130
,,Kaine Padly,   New Zealand,99% Dark & Pure,13/4/2021,"$6,293 ",48,274
,,Gigi Bohling,New Zealand,70% Dark Bites,13/4/2021,"$7,602 ",247,761
,,Marney O'Breen, Canada,Almond Choco,13/4/2021,"$10,150 ",223,598
,,Brien Boise,  UK,Almond Choco,13/4/2021,"$11,081 ",311,739
,,Dotty Strutley,USA,Raspberry Choco,13/4/2021,$588 ,41,27
,,Jehu Rudeforth,   UK,70% Dark Bites,13/4/2021,"$3,710 ",129,413
,,Roddy Speechley,   New Zealand,Raspberry Choco,14/4/2021,$371 ,121,27
,,Mallorie Waber,  New Zealand,85% Dark Bars,14/4/2021,"$2,254 ",69,119
,,Karlen McCaffrey,   Australia,Peanut Butter Cubes,14/4/2021,"$2,345 ",70,112
,,Barr Faughny,   Australia,50% Dark Bites,14/4/2021,"$18,473 ",6,2053
,,Wilone O'Kielt, USA,Organic Choco Syrup,14/4/2021,"$1,680 ",26,58
,,Rafaelita Blaksland,  USA,85% Dark Bars,14/4/2021,"$4,508 ",16,215
,,Dennison Crosswaite,   Australia,Raspberry Choco,15/4/2021,"$8,463 ",284,385
,,Beverie Moffet,India,Baker's Choco Chips,15/4/2021,$931 ,269,117
,,Jan Morforth,Canada,Eclairs,15/4/2021,"$12,460 ",197,623
,,Dennison Crosswaite,   Australia,Milk Bars,15/4/2021,$868 ,78,37
,,Mallorie Waber, UK,Manuka Honey Choco,15/4/2021,$301 ,117,13
,,Brien Boise,  India,Baker's Choco Chips,15/4/2021,$434 ,116,37
,,Rafaelita Blaksland,  UK,Peanut Butter Cubes,15/4/2021,"$2,058 ",2,115
,,Camilla Castle,   Canada,White Choc,15/4/2021,"$9,597 ",167,873
,,Marney O'Breen,  India,Almond Choco,16/4/2021,"$13,314 ",198,784
,,Mallorie Waber,   UK,Baker's Choco Chips,16/4/2021,$630 ,106,70
,,Wilone O'Kielt,USA,Raspberry Choco,16/4/2021,"$8,918 ",31,446
,,Kelci Walkden,   India,Manuka Honey Choco,16/4/2021,"$7,133 ",446,223
,,Van Tuxwell,   Australia,Fruit & Nut Bars,16/4/2021,"$1,638 ",106,97
,,Marney O'Breen,  India,50% Dark Bites,16/4/2021,"$8,253 ",262,551
,,Dennison Crosswaite,India,Milk Bars,16/4/2021,"$5,950 ",30,192
,,Jan Morforth,   New Zealand,50% Dark Bites,16/4/2021,"$7,000 ",5,875
,,Kelci Walkden,Canada,Organic Choco Syrup,16/4/2021,"$2,030 ",162,89
,,Van Tuxwell,   India,Almond Choco,16/4/2021,"$8,337 ",306,439
,,Gunar Cockshoot,India,Milk Bars,16/4/2021,"$1,876 ",171,79
,,Andria Kimpton,Canada,Eclairs,16/4/2021,"$9,352 ",293,446
,,Dennison Crosswaite,India,50% Dark Bites,16/4/2021,"$5,621 ",154,625
,,Gunar Cockshoot,   India,Orange Choco,16/4/2021,"$6,062 ",12,674
,,Rafaelita Blaksland,  USA,Raspberry Choco,16/4/2021,"$5,054 ",154,266
,,Brien Boise,  USA,After Nines,16/4/2021,"$7,581 ",239,237
,,Jan Morforth, USA,Spicy Special Slims,16/4/2021,"$7,763 ",125,353
,,Dotty Strutley,Australia,White Choc,16/4/2021,"$9,387 ",181,626
,,Barr Faughny, Canada,85% Dark Bars,16/4/2021,$966 ,163,57
,,Karlen McCaffrey,   India,Almond Choco,16/4/2021,"$5,278 ",27,278
,,Beverie Moffet,  New Zealand,White Choc,16/4/2021,"$18,354 ",275,1669
,,Marney O'Breen,  India,Spicy Special Slims,16/4/2021,"$1,330 ",161,61
,,Roddy Speechley,  Canada,Eclairs,16/4/2021,"$1,155 ",91,83
,,Rafaelita Blaksland,USA,Orange Choco,16/4/2021,"$4,669 ",101,667
,,Ches Bonnell,  Canada,Fruit & Nut Bars,16/4/2021,"$4,676 ",25,293
,,Husein Augar,  USA,After Nines,16/4/2021,$602 ,19,21
,,Jehu Rudeforth, Australia,99% Dark & Pure,19/4/2021,"$13,090 ",133,770
,,Kelci Walkden,   Australia,Drinking Coco,19/4/2021,"$11,928 ",159,459
,,Andria Kimpton,  Australia,After Nines,19/4/2021,"$4,634 ",244,145
,,Dennison Crosswaite,   UK,Smooth Sliky Salty,19/4/2021,"$5,292 ",72,252
,,Beverie Moffet,   UK,Peanut Butter Cubes,19/4/2021,"$9,065 ",56,378
,,Wilone O'Kielt, UK,Spicy Special Slims,19/4/2021,"$12,299 ",338,560
,,Husein Augar,  New Zealand,Manuka Honey Choco,19/4/2021,"$6,818 ",172,273
,,Dennison Crosswaite,New Zealand,Smooth Sliky Salty,19/4/2021,"$3,773 ",81,252
,,Jan Morforth,  UK,50% Dark Bites,19/4/2021,"$5,138 ",82,367
,,Andria Kimpton,Australia,Smooth Sliky Salty,19/4/2021,"$4,557 ",20,269
,,Barr Faughny,   Australia,Almond Choco,19/4/2021,"$2,751 ",128,138
,,Madelene Upcott,   Australia,70% Dark Bites,19/4/2021,"$10,906 ",8,779
,,Oby Sorrel,  USA,Choco Coated Almonds,19/4/2021,"$5,621 ",7,256
,,Jan Morforth,  USA,85% Dark Bars,20/4/2021,"$2,471 ",64,155
,,Gigi Bohling,  USA,White Choc,20/4/2021,"$6,139 ",9,410
,,Karlen McCaffrey,USA,Drinking Coco,20/4/2021,"$2,807 ",151,128
,,Madelene Upcott,  Australia,Raspberry Choco,20/4/2021,"$8,169 ",142,454
,,Jan Morforth,  Australia,Mint Chip Choco,20/4/2021,"$8,785 ",280,586
,,Barr Faughny,   New Zealand,Peanut Butter Cubes,20/4/2021,"$5,628 ",33,256
,,Husein Augar,   USA,White Choc,20/4/2021,"$1,302 ",7,77
,,Madelene Upcott,   Australia,Peanut Butter Cubes,20/4/2021,"$9,282 ",188,387
,,Wilone O'Kielt,   USA,Manuka Honey Choco,20/4/2021,"$4,046 ",96,162
,,Jehu Rudeforth,   Canada,Drinking Coco,20/4/2021,"$10,605 ",169,442
,,Curtice Advani,   India,50% Dark Bites,20/4/2021,"$5,929 ",25,539
,,Ches Bonnell, Canada,Manuka Honey Choco,20/4/2021,"$2,611 ",175,105
,,Gunar Cockshoot,   India,Baker's Choco Chips,20/4/2021,"$7,686 ",51,769
,,Kaine Padly,  USA,White Choc,20/4/2021,"$2,786 ",98,164
,,Jehu Rudeforth,   India,70% Dark Bites,20/4/2021,"$4,123 ",247,516
,,Rafaelita Blaksland,  UK,Choco Coated Almonds,20/4/2021,"$1,477 ",111,78
,,Gigi Bohling, UK,Caramel Stuffed Bars,20/4/2021,"$12,040 ",255,416
,,Jan Morforth,  UK,Fruit & Nut Bars,20/4/2021,"$4,340 ",277,310
,,Kelci Walkden,   New Zealand,Choco Coated Almonds,20/4/2021,"$2,639 ",526,126
,,Dotty Strutley,  New Zealand,Orange Choco,21/4/2021,"$7,931 ",377,1322
,,Jan Morforth,   New Zealand,Drinking Coco,21/4/2021,"$1,078 ",298,45
,,Beverie Moffet, Australia,85% Dark Bars,21/4/2021,"$8,680 ",429,362
,,Madelene Upcott,New Zealand,99% Dark & Pure,21/4/2021,"$8,967 ",15,427
,,Dotty Strutley,USA,After Nines,21/4/2021,"$12,075 ",258,465
,,Gigi Bohling, UK,Fruit & Nut Bars,21/4/2021,"$4,396 ",68,294
,,Husein Augar,  New Zealand,Organic Choco Syrup,21/4/2021,"$2,877 ",84,96
,,Dotty Strutley,New Zealand,Raspberry Choco,21/4/2021,"$1,659 ",291,104
,,Marney O'Breen,   Australia,70% Dark Bites,21/4/2021,$616 ,30,42
,,Ches Bonnell,UK,Almond Choco,21/4/2021,"$7,021 ",124,469
,,Van Tuxwell,   USA,70% Dark Bites,21/4/2021,"$3,255 ",119,296
,,Oby Sorrel,Canada,Baker's Choco Chips,21/4/2021,"$5,516 ",269,613
,,Jehu Rudeforth,   UK,White Choc,21/4/2021,"$18,039 ",148,1289
,,Husein Augar,UK,Manuka Honey Choco,21/4/2021,"$12,593 ",254,394
,,Madelene Upcott,   New Zealand,Organic Choco Syrup,21/4/2021,"$1,981 ",28,67
,,Gigi Bohling,   USA,Raspberry Choco,21/4/2021,"$6,552 ",112,410
,,Ches Bonnell,   USA,Raspberry Choco,21/4/2021,"$10,682 ",213,629
,,Marney O'Breen, UK,70% Dark Bites,21/4/2021,"$11,046 ",156,789
,,Jehu Rudeforth,  USA,Mint Chip Choco,21/4/2021,"$4,263 ",140,225
,,Barr Faughny,   UK,Orange Choco,21/4/2021,"$5,558 ",440,464
,,Van Tuxwell,  Canada,Manuka Honey Choco,22/4/2021,"$4,214 ",155,128
,,Andria Kimpton,India,85% Dark Bars,22/4/2021,"$7,301 ",46,406
,,Wilone O'Kielt, Canada,70% Dark Bites,22/4/2021,"$4,473 ",179,373
,,Brien Boise,New Zealand,After Nines,22/4/2021,"$11,081 ",349,462
,,Roddy Speechley, New Zealand,Mint Chip Choco,22/4/2021,"$1,120 ",274,75
,,Madelene Upcott,Canada,99% Dark & Pure,22/4/2021,"$10,297 ",48,430
,,Oby Sorrel,   UK,50% Dark Bites,22/4/2021,"$1,869 ",343,234
,,Brien Boise,India,85% Dark Bars,22/4/2021,"$12,229 ",182,644
,,Marney O'Breen, USA,Raspberry Choco,22/4/2021,"$7,707 ",173,482
,,Dennison Crosswaite,  USA,Manuka Honey Choco,22/4/2021,"$1,351 ",150,55
,,Karlen McCaffrey,   India,Organic Choco Syrup,22/4/2021,"$7,035 ",185,252
,,Barr Faughny,   New Zealand,Drinking Coco,22/4/2021,"$3,178 ",323,114
,,Brien Boise, New Zealand,70% Dark Bites,22/4/2021,"$3,668 ",336,408
,,Kaine Padly,   Canada,Orange Choco,22/4/2021,"$15,295 ",160,1700
,,Madelene Upcott,   USA,Manuka Honey Choco,22/4/2021,"$9,667 ",227,323
,,Oby Sorrel,  Australia,Almond Choco,22/4/2021,"$7,308 ",171,488
,,Kaine Padly,   USA,Raspberry Choco,22/4/2021,"$6,888 ",18,328
,,Van Tuxwell,India,99% Dark & Pure,22/4/2021,"$1,085 ",183,46
,,Jan Morforth,   New Zealand,Peanut Butter Cubes,22/4/2021,"$3,549 ",492,148
,,Kelci Walkden,  New Zealand,Orange Choco,23/4/2021,$245 ,365,21
,,Wilone O'Kielt,  Australia,Choco Coated Almonds,23/4/2021,$525 ,166,24
,,Camilla Castle, New Zealand,Manuka Honey Choco,23/4/2021,"$9,373 ",200,313
,,Dennison Crosswaite,USA,99% Dark & Pure,23/4/2021,"$3,822 ",155,225
,,Dotty Strutley,  India,Mint Chip Choco,23/4/2021,"$4,326 ",123,206
,,Mallorie Waber,  Australia,Eclairs,23/4/2021,$427 ,428,23
,,Oby Sorrel,Canada,Almond Choco,23/4/2021,"$12,236 ",61,816
,,Gigi Bohling,  New Zealand,85% Dark Bars,23/4/2021,"$4,655 ",124,259
,,Husein Augar,  New Zealand,99% Dark & Pure,23/4/2021,"$1,246 ",359,78
,,Kaine Padly,New Zealand,Caramel Stuffed Bars,23/4/2021,"$11,291 ",206,452
,,Gigi Bohling, India,50% Dark Bites,26/4/2021,"$5,530 ",45,395
,,Gunar Cockshoot, Canada,White Choc,26/4/2021,"$7,658 ",233,851
,,Rafaelita Blaksland, USA,Mint Chip Choco,26/4/2021,"$1,204 ",199,67
,,Mallorie Waber, Canada,Organic Choco Syrup,26/4/2021,"$7,238 ",19,250
,,Gunar Cockshoot,   Australia,After Nines,26/4/2021,"$2,359 ",284,91
,,Marney O'Breen,  USA,Mint Chip Choco,26/4/2021,"$4,676 ",96,234
,,Beverie Moffet, USA,Choco Coated Almonds,26/4/2021,"$4,893 ",229,233
,,Karlen McCaffrey,UK,Choco Coated Almonds,26/4/2021,"$5,152 ",133,258
,,Andria Kimpton,   Australia,Manuka Honey Choco,27/4/2021,"$3,808 ",376,142
,,Andria Kimpton,   Canada,Peanut Butter Cubes,27/4/2021,"$6,538 ",182,273
,,Dotty Strutley,UK,White Choc,27/4/2021,"$3,486 ",295,249
,,Barr Faughny,Australia,After Nines,27/4/2021,"$4,865 ",94,174
,,Van Tuxwell,UK,White Choc,27/4/2021,"$4,606 ",74,384
,,Jehu Rudeforth, New Zealand,Caramel Stuffed Bars,27/4/2021,$35 ,380,2
,,Gunar Cockshoot,UK,Smooth Sliky Salty,27/4/2021,"$6,069 ",304,304
,,Barr Faughny,India,Caramel Stuffed Bars,27/4/2021,$21 ,117,1
,,Gigi Bohling,  New Zealand,Milk Bars,27/4/2021,"$8,071 ",16,299
,,Husein Augar,USA,70% Dark Bites,27/4/2021,"$2,716 ",267,194
,,Kelci Walkden, India,Orange Choco,27/4/2021,"$7,574 ",136,842
,,Oby Sorrel,   UK,Mint Chip Choco,27/4/2021,$931 ,48,52
,,Mallorie Waber,   New Zealand,Raspberry Choco,27/4/2021,"$9,499 ",141,500
,,Van Tuxwell,India,Orange Choco,27/4/2021,$350 ,167,25
,,Barr Faughny,   UK,Almond Choco,27/4/2021,$371 ,437,20
,,Karlen McCaffrey, UK,Caramel Stuffed Bars,27/4/2021,"$10,367 ",156,432
,,Andria Kimpton,  Canada,85% Dark Bars,27/4/2021,"$9,597 ",129,600
,,Rafaelita Blaksland,  Australia,99% Dark & Pure,27/4/2021,"$2,443 ",379,102
,,Wilone O'Kielt,UK,Manuka Honey Choco,27/4/2021,"$3,556 ",75,123
,,Rafaelita Blaksland, New Zealand,Drinking Coco,27/4/2021,"$2,457 ",261,82
,,Wilone O'Kielt, UK,White Choc,27/4/2021,"$16,170 ",71,952
,,Gigi Bohling, New Zealand,Spicy Special Slims,27/4/2021,"$8,456 ",178,302
,,Ches Bonnell,  New Zealand,Mint Chip Choco,27/4/2021,$28 ,147,2
,,Dennison Crosswaite,   USA,85% Dark Bars,27/4/2021,"$10,794 ",118,450
,,Madelene Upcott,  New Zealand,Choco Coated Almonds,27/4/2021,"$7,539 ",10,444
,,Barr Faughny,  UK,Caramel Stuffed Bars,28/4/2021,"$2,982 ",102,120
,,Madelene Upcott,   USA,Mint Chip Choco,28/4/2021,"$6,237 ",73,347
,,Karlen McCaffrey, Canada,White Choc,28/4/2021,"$11,564 ",28,1285
,,Kelci Walkden,  New Zealand,Mint Chip Choco,28/4/2021,$105 ,73,7
,,Gunar Cockshoot,  India,Organic Choco Syrup,29/4/2021,"$10,402 ",33,417
,,Karlen McCaffrey,  Australia,Fruit & Nut Bars,29/4/2021,"$20,993 ",411,1235
,,Kaine Padly,UK,99% Dark & Pure,29/4/2021,"$7,658 ",190,383
,,Camilla Castle,   Canada,Mint Chip Choco,29/4/2021,"$1,981 ",235,105
,,Camilla Castle, Canada,Orange Choco,29/4/2021,"$4,816 ",64,402
,,Andria Kimpton, India,Peanut Butter Cubes,29/4/2021,"$3,661 ",287,147
,,Andria Kimpton,  India,Spicy Special Slims,29/4/2021,"$2,688 ",580,128
,,Barr Faughny,  Australia,Manuka Honey Choco,29/4/2021,"$2,534 ",159,80
,,Ches Bonnell,   UK,Mint Chip Choco,29/4/2021,"$1,820 ",81,91
,,Jan Morforth,  USA,Choco Coated Almonds,29/4/2021,"$5,432 ",107,388
,,Kelci Walkden, USA,99% Dark & Pure,30/4/2021,"$7,189 ",117,400
,,Jan Morforth, New Zealand,Milk Bars,30/4/2021,"$6,188 ",18,207
,,Curtice Advani,   USA,Caramel Stuffed Bars,30/4/2021,"$3,283 ",260,150
,,Mallorie Waber,  Canada,50% Dark Bites,30/4/2021,"$6,524 ",275,502
,,Kaine Padly,  Australia,Manuka Honey Choco,30/4/2021,"$5,180 ",32,192
,,Andria Kimpton,  Australia,Baker's Choco Chips,30/4/2021,"$12,838 ",241,803
,,Dennison Crosswaite,New Zealand,Milk Bars,30/4/2021,"$4,648 ",114,194
,,Ches Bonnell,   Australia,Peanut Butter Cubes,30/4/2021,"$3,031 ",263,127
,,Barr Faughny, Australia,Smooth Sliky Salty,30/4/2021,"$10,990 ",152,785
,,Andria Kimpton,New Zealand,Fruit & Nut Bars,30/4/2021,"$1,078 ",470,72
,,Andria Kimpton,Canada,White Choc,30/4/2021,"$8,218 ",114,822
,,Jehu Rudeforth,USA,Baker's Choco Chips,30/4/2021,"$10,381 ",16,944
,,Gunar Cockshoot,   Australia,Milk Bars,30/4/2021,"$1,085 ",196,41
,,Gunar Cockshoot,Australia,Baker's Choco Chips,30/4/2021,"$3,052 ",22,191
,,Brien Boise,Australia,Milk Bars,3/5/2021,"$4,214 ",148,151
,,Husein Augar,Australia,70% Dark Bites,3/5/2021,"$3,178 ",42,245
,,Jan Morforth,   Australia,70% Dark Bites,3/5/2021,"$3,066 ",194,384
,,Beverie Moffet, India,Fruit & Nut Bars,3/5/2021,"$9,485 ",99,949
,,Karlen McCaffrey, Canada,Raspberry Choco,3/5/2021,"$3,955 ",2,264
,,Roddy Speechley,UK,Almond Choco,3/5/2021,"$6,538 ",69,312
,,Kaine Padly, New Zealand,Milk Bars,3/5/2021,"$10,178 ",9,329
,,Madelene Upcott, USA,Caramel Stuffed Bars,3/5/2021,"$7,882 ",197,359
,,Curtice Advani,Australia,Mint Chip Choco,3/5/2021,"$5,943 ",285,372
,,Curtice Advani, UK,50% Dark Bites,3/5/2021,"$4,088 ",319,256
,,Kaine Padly, India,Spicy Special Slims,3/5/2021,$749 ,266,28
,,Van Tuxwell,  India,Milk Bars,3/5/2021,"$13,958 ",185,451
,,Kaine Padly,  India,Almond Choco,3/5/2021,"$5,901 ",385,296
,,Camilla Castle,  New Zealand,50% Dark Bites,3/5/2021,"$6,342 ",64,793
,,Kelci Walkden, USA,White Choc,3/5/2021,$315 ,335,19
,,Gunar Cockshoot,  Canada,Baker's Choco Chips,3/5/2021,$147 ,84,14
,,Kelci Walkden,USA,After Nines,3/5/2021,"$10,213 ",217,365
,,Beverie Moffet,USA,85% Dark Bars,3/5/2021,"$8,484 ",398,386
,,Kaine Padly, Canada,Eclairs,3/5/2021,$532 ,78,26
,,Madelene Upcott,   UK,Raspberry Choco,3/5/2021,"$8,785 ",155,550
,,Gigi Bohling,  India,Smooth Sliky Salty,3/5/2021,"$8,001 ",203,572
,,Mallorie Waber,   India,Orange Choco,3/5/2021,$364 ,234,37
,,Dennison Crosswaite, India,Fruit & Nut Bars,3/5/2021,"$2,331 ",158,138
,,Beverie Moffet, USA,50% Dark Bites,3/5/2021,"$7,665 ",93,480
,,Roddy Speechley,Australia,Smooth Sliky Salty,3/5/2021,"$2,905 ",341,224
,,Roddy Speechley,   UK,85% Dark Bars,3/5/2021,"$6,230 ",426,260
,,Dennison Crosswaite,   New Zealand,50% Dark Bites,3/5/2021,"$2,758 ",51,345
,,Barr Faughny,India,70% Dark Bites,3/5/2021,"$2,352 ",136,181
,,Dennison Crosswaite,   UK,Organic Choco Syrup,3/5/2021,"$2,779 ",53,93
,,Gigi Bohling,   New Zealand,Manuka Honey Choco,3/5/2021,$7 ,551,1
,,Brien Boise, Australia,Drinking Coco,4/5/2021,"$3,213 ",142,111
,,Oby Sorrel,  New Zealand,Raspberry Choco,4/5/2021,"$9,275 ",3,489
,,Gigi Bohling,  New Zealand,Raspberry Choco,4/5/2021,"$4,368 ",87,199
,,Rafaelita Blaksland,   New Zealand,Spicy Special Slims,4/5/2021,"$10,633 ",14,409
,,Ches Bonnell,India,Raspberry Choco,4/5/2021,"$11,319 ",66,708
,,Gunar Cockshoot,   Canada,Smooth Sliky Salty,4/5/2021,"$8,799 ",126,518
,,Madelene Upcott,   USA,Spicy Special Slims,4/5/2021,"$2,695 ",49,104
,,Dennison Crosswaite,   UK,White Choc,4/5/2021,$245 ,224,25
,,Mallorie Waber,  New Zealand,Baker's Choco Chips,4/5/2021,"$3,647 ",85,406
,,Dennison Crosswaite,  India,Manuka Honey Choco,4/5/2021,"$6,412 ",31,257
,,Husein Augar,   New Zealand,Peanut Butter Cubes,4/5/2021,"$2,905 ",149,112
,,Dennison Crosswaite,Canada,After Nines,4/5/2021,"$13,650 ",235,427
,,Kaine Padly, India,Choco Coated Almonds,4/5/2021,$623 ,9,37
,,Dennison Crosswaite, Canada,70% Dark Bites,4/5/2021,"$5,131 ",196,514
,,Dennison Crosswaite,   New Zealand,Orange Choco,4/5/2021,"$8,722 ",146,970
,,Jehu Rudeforth, UK,Baker's Choco Chips,5/5/2021,"$1,211 ",53,87
,,Jan Morforth,  Australia,50% Dark Bites,5/5/2021,"$2,002 ",378,126
,,Gigi Bohling,  India,Fruit & Nut Bars,5/5/2021,"$2,100 ",37,175
,,Dennison Crosswaite,  USA,Baker's Choco Chips,5/5/2021,"$2,765 ",147,231
,,Oby Sorrel, India,Organic Choco Syrup,5/5/2021,"$9,198 ",133,318
,,Camilla Castle,   UK,Almond Choco,5/5/2021,"$5,852 ",18,391
,,Van Tuxwell,India,Spicy Special Slims,5/5/2021,"$17,892 ",181,746
,,Karlen McCaffrey, UK,Drinking Coco,5/5/2021,"$5,117 ",44,223
,,Dotty Strutley, Australia,Almond Choco,5/5/2021,"$3,024 ",153,144
,,Rafaelita Blaksland,New Zealand,Smooth Sliky Salty,5/5/2021,"$3,479 ",274,174
,,Husein Augar, USA,85% Dark Bars,5/5/2021,"$1,554 ",167,74
,,Van Tuxwell,  USA,Almond Choco,5/5/2021,"$2,884 ",2,145
,,Madelene Upcott,Australia,Smooth Sliky Salty,5/5/2021,"$4,774 ",344,299
,,Karlen McCaffrey,   New Zealand,Fruit & Nut Bars,5/5/2021,"$3,556 ",7,238
,,Gunar Cockshoot,India,50% Dark Bites,5/5/2021,"$7,742 ",66,484
,,Wilone O'Kielt,USA,Fruit & Nut Bars,5/5/2021,$917 ,32,51
,,Husein Augar,   New Zealand,Eclairs,6/5/2021,"$8,176 ",332,546
,,Brien Boise,  UK,Fruit & Nut Bars,6/5/2021,"$14,357 ",215,1026
,,Curtice Advani,  India,Drinking Coco,6/5/2021,"$4,669 ",55,187
,,Barr Faughny, USA,Manuka Honey Choco,6/5/2021,"$13,608 ",39,504
,,Curtice Advani,USA,Eclairs,6/5/2021,"$2,933 ",273,140
,,Kelci Walkden,USA,Almond Choco,6/5/2021,"$7,056 ",146,471
,,Van Tuxwell,Australia,Almond Choco,6/5/2021,"$10,024 ",32,627
,,Gunar Cockshoot,   India,After Nines,6/5/2021,"$4,438 ",212,154
,,Andria Kimpton, UK,50% Dark Bites,7/5/2021,"$14,413 ",94,1602
,,Beverie Moffet,   New Zealand,Drinking Coco,7/5/2021,"$4,305 ",226,160
,,Dotty Strutley,  New Zealand,50% Dark Bites,7/5/2021,"$1,729 ",108,133
,,Andria Kimpton,  UK,99% Dark & Pure,7/5/2021,$91 ,177,5
,,Gigi Bohling,  Canada,Fruit & Nut Bars,7/5/2021,$637 ,37,49
,,Mallorie Waber,   USA,White Choc,7/5/2021,"$10,178 ",205,727
,,Karlen McCaffrey,   Australia,Orange Choco,7/5/2021,"$1,358 ",90,170
,,Ches Bonnell,  UK,Milk Bars,7/5/2021,"$3,423 ",92,111
,,Beverie Moffet, Australia,Mint Chip Choco,7/5/2021,"$4,291 ",469,253
,,Gigi Bohling, Canada,Raspberry Choco,7/5/2021,"$4,970 ",295,332
,,Camilla Castle, Canada,After Nines,7/5/2021,"$6,874 ",438,265
,,Mallorie Waber,  Australia,Drinking Coco,7/5/2021,"$4,550 ",65,198
,,Beverie Moffet,   New Zealand,Smooth Sliky Salty,7/5/2021,"$1,652 ",61,92
,,Roddy Speechley,New Zealand,White Choc,7/5/2021,"$1,946 ",190,163
,,Jehu Rudeforth, UK,Almond Choco,7/5/2021,"$8,407 ",73,526
,,Barr Faughny,  UK,85% Dark Bars,7/5/2021,"$2,422 ",208,143
,,Camilla Castle,  USA,Milk Bars,7/5/2021,"$4,788 ",62,178
,,Dennison Crosswaite,Australia,Mint Chip Choco,7/5/2021,$294 ,354,17
,,Karlen McCaffrey,  UK,Eclairs,10/5/2021,"$5,453 ",172,390
,,Kelci Walkden,  Canada,Peanut Butter Cubes,10/5/2021,"$7,378 ",121,352
,,Jan Morforth,   Australia,White Choc,10/5/2021,"$10,710 ",56,670
,,Kelci Walkden,   Canada,Almond Choco,10/5/2021,"$2,807 ",172,156
,,Camilla Castle, USA,Orange Choco,10/5/2021,"$9,044 ",64,754
,,Camilla Castle, UK,Milk Bars,10/5/2021,"$5,446 ",34,195
,,Mallorie Waber, Canada,Mint Chip Choco,10/5/2021,"$16,065 ",98,1236
,,Husein Augar,Canada,Almond Choco,10/5/2021,"$3,682 ",288,168
,,Mallorie Waber,   UK,Eclairs,10/5/2021,"$2,548 ",25,142
,,Andria Kimpton, New Zealand,Caramel Stuffed Bars,10/5/2021,"$3,052 ",179,114
,,Dennison Crosswaite,   India,Baker's Choco Chips,10/5/2021,$623 ,8,52
,,Van Tuxwell,   New Zealand,70% Dark Bites,10/5/2021,"$3,738 ",37,468
,,Camilla Castle, Australia,Caramel Stuffed Bars,11/5/2021,"$1,750 ",49,65
,,Mallorie Waber,  Canada,Fruit & Nut Bars,11/5/2021,"$4,053 ",57,226
,,Camilla Castle,Australia,Manuka Honey Choco,11/5/2021,"$2,702 ",12,82
,,Ches Bonnell,   UK,White Choc,11/5/2021,"$7,987 ",85,888
,,Karlen McCaffrey,  New Zealand,Drinking Coco,11/5/2021,"$1,148 ",4,48
,,Husein Augar,   USA,Milk Bars,12/5/2021,"$4,186 ",143,140
,,Van Tuxwell,  UK,Eclairs,12/5/2021,"$5,229 ",26,276
,,Van Tuxwell,India,Manuka Honey Choco,12/5/2021,"$6,146 ",395,212
,,Beverie Moffet, India,85% Dark Bars,12/5/2021,"$11,102 ",251,505
,,Rafaelita Blaksland,  New Zealand,Almond Choco,12/5/2021,"$15,603 ",135,1041
,,Rafaelita Blaksland,  New Zealand,Eclairs,12/5/2021,"$2,758 ",177,138
,,Kelci Walkden,   Australia,White Choc,12/5/2021,"$7,420 ",234,619
,,Curtice Advani, UK,99% Dark & Pure,12/5/2021,"$2,345 ",118,107
,,Curtice Advani, India,70% Dark Bites,12/5/2021,"$12,362 ",201,1546
,,Gigi Bohling,   Canada,Smooth Sliky Salty,12/5/2021,$420 ,203,33
,,Gunar Cockshoot, India,Peanut Butter Cubes,13/5/2021,"$6,440 ",458,293
,,Wilone O'Kielt, Australia,White Choc,13/5/2021,"$11,613 ",32,726
,,Marney O'Breen,  New Zealand,Peanut Butter Cubes,13/5/2021,"$14,910 ",260,785
,,Kelci Walkden,   Australia,Raspberry Choco,13/5/2021,$455 ,180,23
,,Dotty Strutley,  Canada,Baker's Choco Chips,13/5/2021,$784 ,287,56
,,Beverie Moffet,Canada,White Choc,14/5/2021,"$2,597 ",81,200
,,Van Tuxwell, New Zealand,After Nines,14/5/2021,"$4,543 ",323,157
,,Beverie Moffet,  USA,Orange Choco,14/5/2021,"$4,452 ",42,636
,,Mallorie Waber,   Australia,Raspberry Choco,14/5/2021,"$5,544 ",392,370
,,Kelci Walkden,   UK,Orange Choco,14/5/2021,"$5,215 ",206,580
,,Camilla Castle, New Zealand,Fruit & Nut Bars,14/5/2021,"$3,052 ",123,306
,,Husein Augar,Australia,Drinking Coco,14/5/2021,"$19,579 ",327,676
,,Dotty Strutley, Canada,Peanut Butter Cubes,14/5/2021,$217 ,139,10
,,Van Tuxwell,Australia,Orange Choco,14/5/2021,"$3,080 ",216,237
,,Beverie Moffet, USA,White Choc,14/5/2021,"$3,934 ",114,303
,,Marney O'Breen, UK,Organic Choco Syrup,14/5/2021,"$2,506 ",48,97
,,Curtice Advani, USA,Mint Chip Choco,14/5/2021,"$5,782 ",231,413
,,Barr Faughny,   Australia,Orange Choco,14/5/2021,"$9,016 ",169,752
,,Van Tuxwell,  India,Eclairs,14/5/2021,"$1,638 ",238,82
,,Brien Boise,   India,Caramel Stuffed Bars,14/5/2021,"$5,950 ",130,213
,,Kaine Padly, India,Orange Choco,14/5/2021,"$3,948 ",263,439
,,Madelene Upcott,   India,Organic Choco Syrup,17/5/2021,"$5,278 ",44,182
,,Beverie Moffet, Australia,Peanut Butter Cubes,17/5/2021,"$5,026 ",33,240
,,Oby Sorrel,   Australia,Peanut Butter Cubes,17/5/2021,"$5,208 ",249,248
,,Karlen McCaffrey, New Zealand,Smooth Sliky Salty,17/5/2021,"$5,593 ",9,431
,,Madelene Upcott,India,99% Dark & Pure,17/5/2021,"$3,689 ",150,168
,,Barr Faughny,  USA,Raspberry Choco,17/5/2021,"$9,170 ",64,437
,,Camilla Castle,  Canada,Raspberry Choco,17/5/2021,"$3,094 ",195,172
,,Curtice Advani,  Australia,Organic Choco Syrup,17/5/2021,"$7,777 ",77,289
,,Gunar Cockshoot, USA,85% Dark Bars,17/5/2021,"$11,109 ",133,505
,,Van Tuxwell,   New Zealand,50% Dark Bites,17/5/2021,"$4,158 ",58,297
,,Dennison Crosswaite,New Zealand,Organic Choco Syrup,17/5/2021,"$9,863 ",92,395
,,Jehu Rudeforth,  Canada,Orange Choco,17/5/2021,"$3,101 ",249,259
,,Jehu Rudeforth,USA,Smooth Sliky Salty,17/5/2021,"$3,864 ",36,298
,,Gunar Cockshoot,  Canada,After Nines,17/5/2021,"$8,428 ",162,291
,,Brien Boise,UK,Baker's Choco Chips,17/5/2021,"$14,574 ",248,1122
,,Andria Kimpton,  India,Raspberry Choco,17/5/2021,"$7,315 ",127,431
,,Jan Morforth,  UK,Organic Choco Syrup,18/5/2021,"$7,805 ",74,279
,,Camilla Castle,   Canada,Fruit & Nut Bars,18/5/2021,"$2,324 ",230,146
,,Husein Augar,UK,Peanut Butter Cubes,18/5/2021,"$2,499 ",24,132
,,Mallorie Waber,   Australia,White Choc,18/5/2021,"$5,285 ",24,441
,,Curtice Advani,   USA,Baker's Choco Chips,18/5/2021,"$1,925 ",92,129
,,Kelci Walkden, UK,70% Dark Bites,18/5/2021,"$13,286 ",166,886
,,Gigi Bohling,  Canada,85% Dark Bars,18/5/2021,"$1,659 ",89,104
,,Roddy Speechley,   USA,Choco Coated Almonds,18/5/2021,$168 ,166,11
,,Oby Sorrel,   New Zealand,After Nines,18/5/2021,"$6,020 ",11,215
,,Barr Faughny,   India,Fruit & Nut Bars,18/5/2021,"$2,219 ",150,222
,,Mallorie Waber, USA,Milk Bars,18/5/2021,"$12,740 ",68,411
,,Barr Faughny,  Canada,Organic Choco Syrup,18/5/2021,"$11,018 ",69,441
,,Gunar Cockshoot,   Australia,70% Dark Bites,18/5/2021,"$5,040 ",144,336
,,Dennison Crosswaite, India,Almond Choco,19/5/2021,"$10,220 ",71,445
,,Brien Boise,Canada,Almond Choco,19/5/2021,"$8,995 ",238,450
,,Marney O'Breen,UK,Spicy Special Slims,19/5/2021,"$3,738 ",12,187
,,Beverie Moffet, New Zealand,Caramel Stuffed Bars,19/5/2021,"$7,749 ",186,259
,,Ches Bonnell,  Australia,Organic Choco Syrup,19/5/2021,$868 ,351,33
,,Ches Bonnell, UK,Manuka Honey Choco,19/5/2021,"$2,338 ",183,74
,,Kaine Padly, Australia,Fruit & Nut Bars,19/5/2021,"$12,754 ",151,751
,,Gigi Bohling,   USA,After Nines,19/5/2021,"$15,148 ",5,489
,,Oby Sorrel,   Canada,85% Dark Bars,19/5/2021,"$1,666 ",12,98
,,Ches Bonnell,  Canada,Baker's Choco Chips,19/5/2021,$595 ,43,55
,,Karlen McCaffrey,   Australia,Manuka Honey Choco,19/5/2021,"$10,486 ",175,328
,,Marney O'Breen,Canada,White Choc,19/5/2021,"$6,860 ",132,490
,,Dotty Strutley,  UK,70% Dark Bites,19/5/2021,"$9,639 ",130,964
,,Curtice Advani,   Canada,Organic Choco Syrup,19/5/2021,"$4,557 ",9,176
,,Rafaelita Blaksland,India,Smooth Sliky Salty,19/5/2021,"$9,786 ",251,576
,,Beverie Moffet,  India,50% Dark Bites,19/5/2021,"$3,948 ",137,359
,,Jan Morforth, UK,White Choc,19/5/2021,"$4,893 ",253,377
,,Camilla Castle,   New Zealand,99% Dark & Pure,20/5/2021,"$7,441 ",74,414
,,Oby Sorrel,   Australia,White Choc,20/5/2021,"$9,079 ",167,535
,,Curtice Advani,Australia,After Nines,21/5/2021,"$3,962 ",198,133
,,Dotty Strutley, India,99% Dark & Pure,21/5/2021,"$6,111 ",57,382
,,Barr Faughny,  USA,Drinking Coco,21/5/2021,"$1,414 ",122,49
,,Dennison Crosswaite,  Canada,Fruit & Nut Bars,21/5/2021,$812 ,20,51
,,Camilla Castle,   Australia,99% Dark & Pure,21/5/2021,"$7,084 ",4,394
,,Van Tuxwell,  Australia,Manuka Honey Choco,21/5/2021,"$18,942 ",357,702
,,Curtice Advani,   New Zealand,Mint Chip Choco,21/5/2021,"$7,154 ",124,421
,,Van Tuxwell,  India,50% Dark Bites,21/5/2021,"$1,225 ",131,103
,,Kelci Walkden,  New Zealand,Baker's Choco Chips,21/5/2021,"$8,211 ",136,747
,,Ches Bonnell,Australia,Mint Chip Choco,21/5/2021,"$10,465 ",185,524
,,Gigi Bohling,USA,Fruit & Nut Bars,21/5/2021,"$6,181 ",334,619
,,Ches Bonnell, USA,50% Dark Bites,21/5/2021,"$2,695 ",232,193
,,Curtice Advani, India,Orange Choco,21/5/2021,"$17,451 ",135,2909
,,Andria Kimpton, UK,Eclairs,21/5/2021,"$6,790 ",131,425
,,Dotty Strutley,  Australia,Spicy Special Slims,24/5/2021,"$9,226 ",541,330
,,Oby Sorrel,   USA,White Choc,24/5/2021,"$9,884 ",104,899
,,Brien Boise,   UK,Smooth Sliky Salty,24/5/2021,"$2,821 ",70,202
,,Gunar Cockshoot,New Zealand,Baker's Choco Chips,24/5/2021,$665 ,243,84
,,Karlen McCaffrey,USA,70% Dark Bites,24/5/2021,"$8,526 ",209,609
,,Roddy Speechley,  UK,70% Dark Bites,24/5/2021,"$9,436 ",247,787
,,Mallorie Waber,USA,Spicy Special Slims,24/5/2021,$217 ,81,11
,,Kaine Padly,New Zealand,50% Dark Bites,24/5/2021,"$4,865 ",46,487
,,Oby Sorrel,  New Zealand,Mint Chip Choco,24/5/2021,"$10,451 ",105,551
,,Curtice Advani,   Canada,Milk Bars,24/5/2021,"$9,093 ",28,304
,,Mallorie Waber,   Australia,50% Dark Bites,24/5/2021,"$1,638 ",282,103
,,Dennison Crosswaite, Canada,Milk Bars,24/5/2021,"$8,610 ",47,278
,,Barr Faughny,   Canada,Eclairs,24/5/2021,"$1,351 ",58,72
,,Gigi Bohling, India,Almond Choco,24/5/2021,"$11,102 ",50,505
,,Marney O'Breen,  India,70% Dark Bites,24/5/2021,"$4,711 ",29,429
,,Curtice Advani, Australia,85% Dark Bars,24/5/2021,$903 ,49,43
,,Curtice Advani,  Canada,Mint Chip Choco,24/5/2021,"$1,295 ",112,81
,,Roddy Speechley, UK,After Nines,24/5/2021,"$14,574 ",118,561
,,Karlen McCaffrey,India,Baker's Choco Chips,24/5/2021,"$3,318 ",34,277
,,Oby Sorrel,Canada,Fruit & Nut Bars,24/5/2021,"$3,262 ",487,297
,,Dennison Crosswaite,   USA,Mint Chip Choco,24/5/2021,"$1,036 ",59,55
,,Karlen McCaffrey,India,Raspberry Choco,24/5/2021,"$5,285 ",213,378
,,Wilone O'Kielt,   USA,50% Dark Bites,24/5/2021,"$2,667 ",428,267
,,Roddy Speechley, USA,Peanut Butter Cubes,24/5/2021,"$6,097 ",84,244
,,Gunar Cockshoot,   USA,50% Dark Bites,24/5/2021,"$11,550 ",93,770
,,Kelci Walkden,USA,Orange Choco,24/5/2021,"$1,589 ",62,159
,,Curtice Advani, USA,White Choc,25/5/2021,"$4,375 ",11,274
,,Karlen McCaffrey,Canada,Fruit & Nut Bars,25/5/2021,"$7,966 ",123,725
,,Brien Boise, India,Almond Choco,25/5/2021,"$10,829 ",86,516
,,Camilla Castle, USA,50% Dark Bites,25/5/2021,"$22,652 ",46,2060
,,Karlen McCaffrey,   New Zealand,Organic Choco Syrup,25/5/2021,"$5,257 ",95,182
,,Van Tuxwell,   Canada,Raspberry Choco,25/5/2021,"$5,817 ",396,277
,,Karlen McCaffrey,USA,Smooth Sliky Salty,25/5/2021,$987 ,427,52
,,Kaine Padly,India,Caramel Stuffed Bars,25/5/2021,"$2,723 ",21,101
,,Brien Boise, Australia,Smooth Sliky Salty,25/5/2021,"$6,944 ",178,366
,,Beverie Moffet,USA,Caramel Stuffed Bars,25/5/2021,"$7,896 ",435,329
,,Andria Kimpton,   UK,Peanut Butter Cubes,25/5/2021,"$13,573 ",88,543
,,Marney O'Breen,   USA,After Nines,25/5/2021,"$9,856 ",12,329
,,Beverie Moffet,   UK,Mint Chip Choco,25/5/2021,"$14,938 ",261,879
,,Barr Faughny,   India,Milk Bars,25/5/2021,"$1,358 ",268,60
,,Andria Kimpton,India,Baker's Choco Chips,25/5/2021,"$3,696 ",118,247
,,Karlen McCaffrey, India,50% Dark Bites,25/5/2021,"$2,737 ",193,343
,,Roddy Speechley, UK,Manuka Honey Choco,25/5/2021,"$6,797 ",27,252
,,Rafaelita Blaksland, Canada,50% Dark Bites,25/5/2021,"$2,527 ",30,158
,,Jehu Rudeforth, New Zealand,Spicy Special Slims,25/5/2021,$392 ,43,20
,,Dennison Crosswaite,   Canada,Organic Choco Syrup,25/5/2021,$126 ,242,6
,,Karlen McCaffrey,  Canada,Mint Chip Choco,25/5/2021,"$11,522 ",235,721
,,Beverie Moffet,   Canada,Smooth Sliky Salty,26/5/2021,"$8,498 ",182,532
,,Madelene Upcott,   Canada,Peanut Butter Cubes,26/5/2021,"$1,113 ",33,53
,,Kelci Walkden,   India,Spicy Special Slims,26/5/2021,"$5,614 ",223,216
,,Madelene Upcott,  India,Caramel Stuffed Bars,26/5/2021,"$4,410 ",156,153
,,Kaine Padly,  USA,Organic Choco Syrup,26/5/2021,"$9,163 ",151,340
,,Oby Sorrel,USA,Manuka Honey Choco,27/5/2021,"$2,590 ",202,84
,,Camilla Castle,   USA,85% Dark Bars,27/5/2021,"$3,745 ",127,198
,,Brien Boise,   Australia,Organic Choco Syrup,27/5/2021,"$8,337 ",14,288
,,Roddy Speechley,  Australia,Orange Choco,27/5/2021,"$4,522 ",42,566
,,Dennison Crosswaite,   UK,Drinking Coco,27/5/2021,"$2,625 ",580,120
,,Gigi Bohling,   Canada,Manuka Honey Choco,28/5/2021,$441 ,171,16
,,Van Tuxwell,  Australia,Caramel Stuffed Bars,28/5/2021,"$3,311 ",92,128
,,Roddy Speechley, Canada,Organic Choco Syrup,28/5/2021,"$6,650 ",22,266
,,Camilla Castle,  India,Baker's Choco Chips,28/5/2021,"$3,871 ",503,352
,,Rafaelita Blaksland,   USA,Baker's Choco Chips,28/5/2021,$637 ,61,49
,,Kaine Padly,India,Mint Chip Choco,28/5/2021,"$10,696 ",47,823
,,Camilla Castle,  New Zealand,Organic Choco Syrup,28/5/2021,"$8,701 ",12,349
,,Rafaelita Blaksland, India,Eclairs,28/5/2021,"$2,590 ",120,162
,,Ches Bonnell,Australia,After Nines,28/5/2021,"$10,850 ",226,402
,,Ches Bonnell, Canada,Choco Coated Almonds,28/5/2021,"$2,870 ",290,152
,,Karlen McCaffrey,  New Zealand,Peanut Butter Cubes,28/5/2021,"$13,650 ",256,719
,,Rafaelita Blaksland,   New Zealand,After Nines,28/5/2021,"$12,425 ",230,429
,,Kelci Walkden,India,Milk Bars,31/5/2021,"$2,114 ",80,89
,,Gigi Bohling,   USA,Organic Choco Syrup,31/5/2021,"$3,290 ",16,118
,,Jan Morforth,  USA,Mint Chip Choco,31/5/2021,"$1,463 ",51,77
,,Wilone O'Kielt,  Australia,Spicy Special Slims,31/5/2021,"$9,436 ",64,350
,,Marney O'Breen,UK,Manuka Honey Choco,31/5/2021,"$8,162 ",69,327
,,Rafaelita Blaksland,  Canada,Caramel Stuffed Bars,31/5/2021,"$9,310 ",351,333
,,Brien Boise,   USA,Raspberry Choco,31/5/2021,"$8,155 ",17,389
,,Rafaelita Blaksland,Australia,Almond Choco,31/5/2021,"$7,588 ",68,330
,,Curtice Advani,  Canada,Eclairs,31/5/2021,"$4,879 ",50,244
,,Van Tuxwell, Australia,Raspberry Choco,31/5/2021,$602 ,118,28
,,Jehu Rudeforth,   USA,50% Dark Bites,31/5/2021,"$2,037 ",61,136
,,Kelci Walkden,  UK,Milk Bars,31/5/2021,"$15,400 ",387,497
,,Rafaelita Blaksland,   New Zealand,85% Dark Bars,31/5/2021,"$2,961 ",12,175
,,Barr Faughny, UK,Organic Choco Syrup,31/5/2021,"$1,225 ",29,41
,,Barr Faughny,  Canada,Mint Chip Choco,31/5/2021,"$6,930 ",254,330
,,Husein Augar,   Canada,After Nines,31/5/2021,"$12,684 ",297,453
,,Jan Morforth, India,Drinking Coco,31/5/2021,"$8,512 ",549,294
,,Roddy Speechley,  New Zealand,Fruit & Nut Bars,31/5/2021,"$9,646 ",178,877
,,Husein Augar, New Zealand,70% Dark Bites,31/5/2021,"$5,586 ",76,430
,,Madelene Upcott,  Australia,Almond Choco,31/5/2021,"$3,528 ",267,221
,,Dennison Crosswaite,New Zealand,White Choc,31/5/2021,"$3,143 ",109,225
,,Brien Boise,   New Zealand,Caramel Stuffed Bars,1/6/2021,"$9,135 ",194,398
,,Gunar Cockshoot,  UK,Baker's Choco Chips,1/6/2021,"$1,218 ",315,153
,,Gunar Cockshoot,UK,Manuka Honey Choco,1/6/2021,"$4,760 ",138,145
,,Jan Morforth,  New Zealand,Almond Choco,1/6/2021,"$8,582 ",290,477
,,Beverie Moffet,  India,Orange Choco,1/6/2021,"$2,401 ",109,185
,,Kaine Padly,Canada,Almond Choco,1/6/2021,"$11,886 ",415,566
,,Gigi Bohling, UK,Raspberry Choco,1/6/2021,"$8,582 ",45,391
,,Barr Faughny,   India,Raspberry Choco,1/6/2021,"$6,825 ",4,402
,,Curtice Advani, UK,Spicy Special Slims,1/6/2021,"$3,661 ",13,167
,,Van Tuxwell,  Canada,Milk Bars,1/6/2021,"$10,248 ",65,380
,,Rafaelita Blaksland,  USA,Caramel Stuffed Bars,1/6/2021,"$9,996 ",441,385
,,Ches Bonnell, Australia,Choco Coated Almonds,2/6/2021,"$13,545 ",293,903
,,Curtice Advani,   New Zealand,50% Dark Bites,2/6/2021,"$1,386 ",347,99
,,Gigi Bohling,   Canada,Almond Choco,2/6/2021,"$5,481 ",142,289
,,Husein Augar, India,Baker's Choco Chips,2/6/2021,"$10,031 ",5,912
,,Barr Faughny, UK,Baker's Choco Chips,2/6/2021,"$3,493 ",3,437
,,Husein Augar, Australia,Orange Choco,2/6/2021,"$4,081 ",717,511
,,Roddy Speechley,   Australia,Drinking Coco,2/6/2021,$511 ,88,18
,,Gunar Cockshoot,   USA,Peanut Butter Cubes,2/6/2021,"$6,909 ",382,315
,,Rafaelita Blaksland,  Australia,Organic Choco Syrup,2/6/2021,"$9,814 ",138,317
,,Camilla Castle, USA,Smooth Sliky Salty,2/6/2021,"$6,454 ",47,497
,,Roddy Speechley,   USA,Fruit & Nut Bars,2/6/2021,"$10,668 ",49,889
,,Mallorie Waber,   Canada,70% Dark Bites,2/6/2021,"$14,868 ",291,1062
,,Jan Morforth,India,After Nines,2/6/2021,"$3,878 ",50,144
,,Gunar Cockshoot,New Zealand,Choco Coated Almonds,3/6/2021,"$8,505 ",74,387
,,Wilone O'Kielt,UK,Choco Coated Almonds,3/6/2021,$126 ,83,9
,,Gigi Bohling,  Australia,Fruit & Nut Bars,3/6/2021,"$10,570 ",82,814
,,Madelene Upcott,   UK,Choco Coated Almonds,3/6/2021,"$1,225 ",159,59
,,Karlen McCaffrey,   New Zealand,99% Dark & Pure,3/6/2021,"$3,199 ",89,160
,,Wilone O'Kielt,  USA,Baker's Choco Chips,3/6/2021,$441 ,9,37
,,Jehu Rudeforth,India,Organic Choco Syrup,3/6/2021,"$9,009 ",83,392
,,Van Tuxwell,New Zealand,Manuka Honey Choco,3/6/2021,"$7,595 ",349,238
,,Wilone O'Kielt,New Zealand,Fruit & Nut Bars,3/6/2021,$378 ,182,30
,,Ches Bonnell,New Zealand,After Nines,3/6/2021,"$1,344 ",110,56
,,Jehu Rudeforth,Canada,Milk Bars,3/6/2021,"$5,264 ",594,211
,,Ches Bonnell,   New Zealand,Fruit & Nut Bars,3/6/2021,"$6,748 ",57,450
,,Oby Sorrel, India,85% Dark Bars,3/6/2021,"$2,128 ",248,97
,,Oby Sorrel,New Zealand,Choco Coated Almonds,3/6/2021,"$7,987 ",140,470
,,Gunar Cockshoot, Australia,Peanut Butter Cubes,3/6/2021,"$13,601 ",78,567
,,Kaine Padly,   Australia,Almond Choco,3/6/2021,"$7,154 ",162,398
,,Dotty Strutley, Canada,After Nines,3/6/2021,"$2,583 ",353,93
,,Rafaelita Blaksland,Australia,Orange Choco,3/6/2021,$532 ,324,67
,,Rafaelita Blaksland,Canada,70% Dark Bites,4/6/2021,"$2,548 ",170,182
,,Dennison Crosswaite, USA,Organic Choco Syrup,4/6/2021,"$1,092 ",394,36
,,Gunar Cockshoot,   USA,70% Dark Bites,4/6/2021,"$4,011 ",351,287
,,Gigi Bohling, India,Choco Coated Almonds,4/6/2021,"$3,766 ",2,180
,,Jehu Rudeforth, UK,Fruit & Nut Bars,4/6/2021,"$6,405 ",6,458
,,Roddy Speechley,India,Mint Chip Choco,4/6/2021,"$4,487 ",201,321
,,Brien Boise, New Zealand,Milk Bars,4/6/2021,"$5,439 ",244,227
,,Curtice Advani,   Canada,Caramel Stuffed Bars,4/6/2021,"$8,603 ",47,297
,,Beverie Moffet,  Canada,Manuka Honey Choco,4/6/2021,"$6,454 ",25,259
,,Andria Kimpton,   India,After Nines,7/6/2021,"$14,966 ",79,483
,,Kelci Walkden,UK,Peanut Butter Cubes,7/6/2021,"$2,044 ",188,86
,,Madelene Upcott,   UK,Manuka Honey Choco,7/6/2021,"$11,186 ",2,350
,,Camilla Castle,   India,70% Dark Bites,7/6/2021,"$3,906 ",347,489
,,Camilla Castle,   USA,Baker's Choco Chips,7/6/2021,"$5,705 ",58,519
,,Oby Sorrel,  Canada,Mint Chip Choco,7/6/2021,"$2,674 ",333,149
,,Kaine Padly,  USA,Almond Choco,7/6/2021,"$4,221 ",2,184
,,Barr Faughny, India,Eclairs,8/6/2021,"$8,988 ",112,450
,,Kaine Padly,  USA,Caramel Stuffed Bars,8/6/2021,"$5,355 ",114,185
,,Dennison Crosswaite, Australia,After Nines,8/6/2021,"$2,569 ",401,86
,,Beverie Moffet, UK,Milk Bars,8/6/2021,"$1,897 ",118,64
,,Marney O'Breen,  New Zealand,Mint Chip Choco,8/6/2021,"$1,666 ",195,112
,,Madelene Upcott, New Zealand,70% Dark Bites,8/6/2021,"$14,182 ",56,1773
,,Wilone O'Kielt,  USA,Mint Chip Choco,8/6/2021,"$14,798 ",260,740
,,Madelene Upcott,  Australia,Manuka Honey Choco,9/6/2021,$819 ,277,28
,,Andria Kimpton,  New Zealand,Raspberry Choco,9/6/2021,"$7,252 ",5,363
,,Jehu Rudeforth,India,Eclairs,9/6/2021,"$3,332 ",13,159
,,Gunar Cockshoot,Canada,99% Dark & Pure,9/6/2021,"$7,525 ",60,397
,,Rafaelita Blaksland, USA,Drinking Coco,9/6/2021,"$4,893 ",218,164
,,Karlen McCaffrey,  USA,Peanut Butter Cubes,9/6/2021,"$3,444 ",116,133
,,Jan Morforth,India,Milk Bars,9/6/2021,"$2,156 ",34,87
,,Gigi Bohling, Australia,70% Dark Bites,9/6/2021,"$1,596 ",176,200
,,Andria Kimpton,   Australia,Mint Chip Choco,10/6/2021,"$8,834 ",149,631
,,Roddy Speechley, India,Fruit & Nut Bars,10/6/2021,"$3,948 ",172,329
,,Husein Augar,New Zealand,Baker's Choco Chips,10/6/2021,"$3,605 ",172,241
,,Van Tuxwell,   India,Mint Chip Choco,11/6/2021,"$1,876 ",193,118
,,Beverie Moffet,UK,After Nines,11/6/2021,"$1,302 ",19,45
,,Madelene Upcott,   New Zealand,After Nines,11/6/2021,$616 ,3,21
,,Jan Morforth,   Australia,Caramel Stuffed Bars,11/6/2021,"$4,935 ",141,183
,,Madelene Upcott,  Canada,85% Dark Bars,11/6/2021,"$5,887 ",51,310
,,Gigi Bohling,  India,70% Dark Bites,11/6/2021,"$1,785 ",181,149
,,Marney O'Breen,  UK,Eclairs,11/6/2021,"$4,816 ",153,322
,,Rafaelita Blaksland,UK,Mint Chip Choco,11/6/2021,$504 ,266,24
,,Madelene Upcott,  Australia,Organic Choco Syrup,11/6/2021,$973 ,258,39
,,Madelene Upcott,New Zealand,Caramel Stuffed Bars,11/6/2021,"$8,330 ",320,379
,,Kaine Padly,  Canada,Milk Bars,11/6/2021,"$5,502 ",18,240
,,Wilone O'Kielt,Australia,Caramel Stuffed Bars,14/6/2021,"$6,202 ",75,222
,,Beverie Moffet,India,Manuka Honey Choco,14/6/2021,"$6,118 ",129,236
,,Brien Boise,   USA,Eclairs,14/6/2021,"$1,771 ",255,111
,,Jehu Rudeforth,Australia,Baker's Choco Chips,14/6/2021,"$4,494 ",297,300
,,Wilone O'Kielt,Canada,Choco Coated Almonds,14/6/2021,"$1,057 ",226,76
,,Ches Bonnell,Canada,White Choc,14/6/2021,"$13,286 ",55,1477
,,Kelci Walkden, Australia,Milk Bars,14/6/2021,"$4,760 ",249,154
,,Jehu Rudeforth,  UK,50% Dark Bites,14/6/2021,"$3,010 ",372,377
,,Kelci Walkden, USA,Milk Bars,14/6/2021,"$7,448 ",183,266
,,Ches Bonnell,   USA,Manuka Honey Choco,14/6/2021,"$1,617 ",57,49
,,Beverie Moffet,  Canada,Drinking Coco,14/6/2021,$840 ,2,35
,,Ches Bonnell,  USA,Almond Choco,14/6/2021,"$7,042 ",294,441
,,Barr Faughny,   Australia,99% Dark & Pure,15/6/2021,"$9,247 ",527,487
,,Gunar Cockshoot,Canada,Milk Bars,15/6/2021,"$1,799 ",76,60
,,Husein Augar,   New Zealand,Fruit & Nut Bars,15/6/2021,$644 ,135,38
,,Husein Augar, New Zealand,50% Dark Bites,16/6/2021,"$11,172 ",109,1397
,,Husein Augar,   Canada,70% Dark Bites,16/6/2021,"$9,191 ",240,766
,,Roddy Speechley,   Canada,Choco Coated Almonds,16/6/2021,"$14,889 ",132,828
,,Marney O'Breen, Australia,Manuka Honey Choco,16/6/2021,"$5,670 ",57,189
,,Roddy Speechley,   Canada,Orange Choco,16/6/2021,$693 ,3,58
,,Van Tuxwell, Canada,Caramel Stuffed Bars,16/6/2021,"$12,642 ",19,575
,,Madelene Upcott, USA,Drinking Coco,16/6/2021,"$8,414 ",257,312
,,Dotty Strutley,   Canada,Orange Choco,16/6/2021,"$15,162 ",2,1896
,,Andria Kimpton,USA,White Choc,16/6/2021,"$9,135 ",35,762
,,Camilla Castle,UK,Drinking Coco,16/6/2021,"$4,375 ",90,146
,,Dotty Strutley,  USA,99% Dark & Pure,17/6/2021,"$3,493 ",7,146
,,Marney O'Breen, UK,Almond Choco,17/6/2021,"$3,157 ",47,186
,,Camilla Castle,  USA,Manuka Honey Choco,17/6/2021,"$9,884 ",163,300
,,Van Tuxwell, Australia,Choco Coated Almonds,17/6/2021,"$8,029 ",35,473
,,Ches Bonnell,  Australia,Spicy Special Slims,17/6/2021,"$2,002 ",96,72
,,Husein Augar,   UK,Eclairs,17/6/2021,"$8,589 ",54,537
,,Barr Faughny,   Australia,Mint Chip Choco,17/6/2021,"$1,554 ",49,120
,,Oby Sorrel,  Canada,50% Dark Bites,17/6/2021,"$8,792 ",378,677
,,Van Tuxwell, Australia,Mint Chip Choco,17/6/2021,"$2,415 ",25,128
,,Roddy Speechley,India,Eclairs,17/6/2021,$266 ,101,16
,,Kelci Walkden,   India,Mint Chip Choco,17/6/2021,"$3,381 ",186,226
,,Curtice Advani,   Canada,70% Dark Bites,17/6/2021,"$1,505 ",33,116
,,Gunar Cockshoot,  UK,Organic Choco Syrup,17/6/2021,"$1,708 ",81,61
,,Van Tuxwell,   USA,After Nines,17/6/2021,"$3,857 ",89,155
,,Camilla Castle,  New Zealand,Choco Coated Almonds,17/6/2021,"$1,141 ",249,58
,,Mallorie Waber,  Australia,Choco Coated Almonds,17/6/2021,"$11,844 ",132,790
,,Andria Kimpton,  Australia,Peanut Butter Cubes,17/6/2021,"$7,294 ",174,348
,,Beverie Moffet,   Australia,Spicy Special Slims,17/6/2021,"$5,516 ",228,205
,,Dennison Crosswaite,   USA,Orange Choco,18/6/2021,"$3,598 ",34,450
,,Wilone O'Kielt,Australia,70% Dark Bites,18/6/2021,"$4,795 ",76,320
,,Mallorie Waber,  USA,After Nines,18/6/2021,"$6,657 ",296,222
,,Oby Sorrel,  UK,Almond Choco,18/6/2021,"$8,071 ",37,367
,,Jehu Rudeforth,  UK,Caramel Stuffed Bars,18/6/2021,"$16,548 ",246,613
,,Ches Bonnell,UK,Caramel Stuffed Bars,18/6/2021,"$1,393 ",207,61
,,Ches Bonnell,  India,Baker's Choco Chips,18/6/2021,"$3,731 ",155,249
,,Roddy Speechley,New Zealand,Milk Bars,18/6/2021,"$7,322 ",232,293
,,Van Tuxwell,   USA,Raspberry Choco,18/6/2021,"$3,367 ",164,154
,,Madelene Upcott,   New Zealand,Raspberry Choco,18/6/2021,"$3,752 ",252,188
,,Kaine Padly, UK,85% Dark Bars,18/6/2021,"$3,080 ",141,182
,,Jehu Rudeforth, USA,After Nines,18/6/2021,"$9,534 ",103,318
,,Gunar Cockshoot,  UK,Spicy Special Slims,18/6/2021,"$5,166 ",150,216
,,Dotty Strutley,  India,Smooth Sliky Salty,18/6/2021,"$4,018 ",229,237
,,Barr Faughny,  Canada,99% Dark & Pure,18/6/2021,"$5,376 ",69,336
,,Rafaelita Blaksland,Canada,Peanut Butter Cubes,18/6/2021,"$2,884 ",101,138
,,Camilla Castle,  New Zealand,Caramel Stuffed Bars,18/6/2021,"$7,588 ",72,253
,,Husein Augar,India,99% Dark & Pure,18/6/2021,"$12,341 ",303,561
,,Gigi Bohling, Australia,Orange Choco,18/6/2021,"$7,392 ",53,822
,,Kelci Walkden,New Zealand,Almond Choco,21/6/2021,"$9,247 ",204,421
,,Kelci Walkden,   India,Caramel Stuffed Bars,21/6/2021,"$14,035 ",66,540
,,Kaine Padly,UK,50% Dark Bites,21/6/2021,"$1,890 ",20,146
,,Jan Morforth, New Zealand,After Nines,21/6/2021,"$3,738 ",98,134
,,Andria Kimpton,   Australia,50% Dark Bites,22/6/2021,"$2,940 ",46,294
,,Camilla Castle,   Canada,Eclairs,22/6/2021,"$5,145 ",325,396
,,Curtice Advani,  UK,Orange Choco,22/6/2021,"$3,031 ",316,337
,,Brien Boise,New Zealand,Organic Choco Syrup,22/6/2021,"$2,317 ",82,101
,,Camilla Castle, USA,Peanut Butter Cubes,22/6/2021,"$5,327 ",168,214
,,Camilla Castle, USA,Mint Chip Choco,22/6/2021,"$7,301 ",288,457
,,Dotty Strutley,  Australia,Peanut Butter Cubes,22/6/2021,"$12,880 ",195,644
,,Rafaelita Blaksland,   UK,Drinking Coco,22/6/2021,"$11,221 ",2,511
,,Camilla Castle,   India,After Nines,23/6/2021,"$4,599 ",50,184
,,Oby Sorrel,USA,Caramel Stuffed Bars,23/6/2021,"$1,981 ",208,77
,,Van Tuxwell,  USA,Peanut Butter Cubes,23/6/2021,$784 ,510,33
,,Dennison Crosswaite,UK,Almond Choco,23/6/2021,"$3,171 ",40,151
,,Kelci Walkden, Canada,70% Dark Bites,23/6/2021,"$6,853 ",147,762
,,Mallorie Waber,  Australia,Spicy Special Slims,24/6/2021,"$4,648 ",147,194
,,Andria Kimpton,   India,Smooth Sliky Salty,24/6/2021,"$10,493 ",20,656
,,Dennison Crosswaite,  New Zealand,Caramel Stuffed Bars,24/6/2021,"$1,456 ",49,54
,,Roddy Speechley, USA,Manuka Honey Choco,24/6/2021,"$9,296 ",341,345
,,Rafaelita Blaksland,India,Baker's Choco Chips,24/6/2021,"$9,723 ",122,973
,,Marney O'Breen,   Australia,Caramel Stuffed Bars,24/6/2021,$483 ,595,20
,,Rafaelita Blaksland,  India,70% Dark Bites,24/6/2021,"$1,869 ",46,144
,,Dennison Crosswaite,India,Orange Choco,24/6/2021,"$6,951 ",290,696
,,Beverie Moffet, UK,Choco Coated Almonds,24/6/2021,"$4,466 ",279,236
,,Andria Kimpton,UK,Almond Choco,24/6/2021,"$3,199 ",98,178
,,Gigi Bohling,   USA,99% Dark & Pure,24/6/2021,"$11,270 ",179,537
,,Karlen McCaffrey,  UK,Fruit & Nut Bars,24/6/2021,"$11,641 ",244,728
,,Van Tuxwell,UK,Caramel Stuffed Bars,24/6/2021,"$11,809 ",217,473
,,Marney O'Breen, New Zealand,99% Dark & Pure,24/6/2021,"$22,484 ",38,978
,,Oby Sorrel, New Zealand,50% Dark Bites,24/6/2021,"$4,130 ",33,276
,,Mallorie Waber, Canada,85% Dark Bars,24/6/2021,"$14,420 ",163,721
,,Marney O'Breen,Canada,Spicy Special Slims,24/6/2021,"$3,220 ",12,135
,,Gigi Bohling, UK,Drinking Coco,25/6/2021,"$6,293 ",248,243
,,Kaine Padly,New Zealand,Fruit & Nut Bars,25/6/2021,"$15,365 ",338,1281
,,Roddy Speechley,   UK,Peanut Butter Cubes,25/6/2021,"$8,897 ",131,495
,,Van Tuxwell,  New Zealand,White Choc,25/6/2021,"$5,215 ",437,348
,,Oby Sorrel, Australia,Raspberry Choco,25/6/2021,"$12,180 ",68,609
,,Van Tuxwell,  USA,Spicy Special Slims,25/6/2021,"$6,741 ",87,281
,,Andria Kimpton,   Canada,Milk Bars,25/6/2021,"$2,856 ",197,99
,,Kelci Walkden,USA,85% Dark Bars,25/6/2021,"$2,758 ",5,163
,,Andria Kimpton,New Zealand,70% Dark Bites,25/6/2021,"$9,660 ",29,805
,,Wilone O'Kielt, New Zealand,After Nines,25/6/2021,$49 ,445,2
,,Oby Sorrel,USA,Milk Bars,25/6/2021,"$6,258 ",338,202
,,Andria Kimpton,   India,Milk Bars,25/6/2021,$28 ,274,2
,,Wilone O'Kielt,  Canada,Smooth Sliky Salty,25/6/2021,"$4,452 ",309,212
,,Dennison Crosswaite, Australia,Spicy Special Slims,25/6/2021,"$2,716 ",240,105
,,Madelene Upcott,  UK,Spicy Special Slims,25/6/2021,"$12,495 ",23,481
,,Barr Faughny,  Canada,Manuka Honey Choco,25/6/2021,"$9,737 ",212,296
,,Jehu Rudeforth,  Australia,50% Dark Bites,25/6/2021,"$3,241 ",232,325
,,Brien Boise,   USA,Almond Choco,25/6/2021,"$9,716 ",33,608
,,Jan Morforth,   Canada,85% Dark Bars,25/6/2021,"$6,461 ",178,404
,,Rafaelita Blaksland,  Australia,Manuka Honey Choco,25/6/2021,$420 ,52,14
,,Kaine Padly, New Zealand,Eclairs,25/6/2021,"$3,906 ",170,279
,,Mallorie Waber,  Canada,Milk Bars,28/6/2021,"$3,129 ",177,126
,,Ches Bonnell,  USA,85% Dark Bars,28/6/2021,"$2,604 ",368,114
,,Gunar Cockshoot,  UK,Orange Choco,28/6/2021,"$2,009 ",265,144
,,Brien Boise,USA,Caramel Stuffed Bars,28/6/2021,"$3,339 ",92,129
,,Roddy Speechley,Australia,Mint Chip Choco,28/6/2021,"$3,871 ",107,204
,,Gigi Bohling, Australia,Peanut Butter Cubes,28/6/2021,"$1,120 ",301,44
,,Brien Boise,USA,Peanut Butter Cubes,28/6/2021,"$4,529 ",109,227
,,Brien Boise,   India,70% Dark Bites,28/6/2021,"$3,115 ",22,284
,,Madelene Upcott, New Zealand,85% Dark Bars,28/6/2021,"$6,111 ",115,322
,,Curtice Advani,  USA,Almond Choco,28/6/2021,"$7,476 ",232,440
,,Beverie Moffet,Canada,Mint Chip Choco,28/6/2021,"$1,925 ",256,92
,,Brien Boise,  USA,Drinking Coco,28/6/2021,"$4,760 ",157,207
,,Jehu Rudeforth, UK,Choco Coated Almonds,28/6/2021,"$17,724 ",63,1182
,,Curtice Advani,India,Mint Chip Choco,28/6/2021,"$3,731 ",89,220
,,Andria Kimpton,  Australia,70% Dark Bites,28/6/2021,"$7,574 ",99,583
,,Kaine Padly, Australia,White Choc,28/6/2021,"$4,137 ",34,345
,,Andria Kimpton, India,Caramel Stuffed Bars,28/6/2021,"$13,076 ",120,436
,,Rafaelita Blaksland,  Canada,Mint Chip Choco,29/6/2021,"$4,403 ",66,339
,,Mallorie Waber,   Canada,Peanut Butter Cubes,29/6/2021,"$2,478 ",396,108
,,Wilone O'Kielt,USA,Peanut Butter Cubes,29/6/2021,"$2,016 ",26,96
,,Rafaelita Blaksland,   USA,70% Dark Bites,29/6/2021,"$1,799 ",262,129
,,Oby Sorrel,USA,Fruit & Nut Bars,29/6/2021,"$6,685 ",277,372
,,Curtice Advani, UK,85% Dark Bars,29/6/2021,"$5,257 ",225,277
,,Karlen McCaffrey,Australia,Eclairs,29/6/2021,"$2,408 ",232,172
,,Husein Augar,   UK,Raspberry Choco,29/6/2021,"$5,096 ",92,243
,,Brien Boise,USA,Baker's Choco Chips,29/6/2021,"$9,772 ",116,815
,,Roddy Speechley,USA,50% Dark Bites,29/6/2021,"$8,071 ",78,539
,,Curtice Advani,   Canada,Smooth Sliky Salty,30/6/2021,"$4,984 ",543,333
,,Madelene Upcott, UK,Smooth Sliky Salty,30/6/2021,"$8,134 ",299,543
,,Roddy Speechley,  USA,Milk Bars,30/6/2021,$861 ,57,30
,,Dotty Strutley,New Zealand,Spicy Special Slims,30/6/2021,"$8,694 ",17,396
,,Kaine Padly,  UK,Manuka Honey Choco,30/6/2021,"$2,576 ",139,84
,,Roddy Speechley,UK,Raspberry Choco,1/7/2021,"$1,519 ",214,73
,,Andria Kimpton,  Canada,Choco Coated Almonds,1/7/2021,"$7,476 ",152,534
,,Karlen McCaffrey,   USA,Manuka Honey Choco,1/7/2021,"$8,155 ",84,272
,,Kelci Walkden,   Australia,50% Dark Bites,1/7/2021,"$1,995 ",212,167
,,Kelci Walkden, USA,Smooth Sliky Salty,1/7/2021,"$3,535 ",22,169
,,Madelene Upcott,   New Zealand,Mint Chip Choco,1/7/2021,"$5,033 ",142,360
,,Madelene Upcott, USA,70% Dark Bites,1/7/2021,"$5,068 ",35,461
,,Husein Augar,  New Zealand,White Choc,2/7/2021,$399 ,117,37
,,Mallorie Waber,  UK,Caramel Stuffed Bars,2/7/2021,"$1,246 ",235,43
,,Marney O'Breen,   India,Manuka Honey Choco,2/7/2021,"$3,423 ",464,127
,,Gunar Cockshoot, USA,Orange Choco,2/7/2021,"$2,632 ",150,329
,,Barr Faughny,   Australia,85% Dark Bars,2/7/2021,"$5,474 ",83,274
,,Kelci Walkden, Canada,50% Dark Bites,2/7/2021,$84 ,204,9
,,Rafaelita Blaksland, USA,Manuka Honey Choco,2/7/2021,"$4,228 ",26,157
,,Van Tuxwell,  New Zealand,Spicy Special Slims,2/7/2021,"$5,418 ",253,258
,,Gunar Cockshoot,UK,Almond Choco,2/7/2021,"$2,373 ",252,132
,,Curtice Advani,  Canada,50% Dark Bites,2/7/2021,"$8,659 ",245,963
,,Andria Kimpton,  UK,Choco Coated Almonds,2/7/2021,"$11,361 ",43,758
,,Madelene Upcott,   New Zealand,Spicy Special Slims,2/7/2021,$462 ,312,21
,,Kaine Padly,  UK,Eclairs,2/7/2021,"$3,668 ",96,175
,,Karlen McCaffrey,   New Zealand,Caramel Stuffed Bars,2/7/2021,"$2,534 ",17,102
,,Wilone O'Kielt, UK,Eclairs,5/7/2021,"$5,838 ",290,325
,,Beverie Moffet,   UK,Drinking Coco,5/7/2021,"$8,036 ",50,366
,,Oby Sorrel, Australia,Eclairs,5/7/2021,"$3,311 ",215,195
,,Roddy Speechley, India,Manuka Honey Choco,5/7/2021,$21 ,128,1
,,Oby Sorrel,  Australia,85% Dark Bars,5/7/2021,"$6,979 ",36,349
,,Gunar Cockshoot,   Canada,Choco Coated Almonds,5/7/2021,"$7,308 ",34,366
,,Gunar Cockshoot,New Zealand,85% Dark Bars,5/7/2021,"$14,609 ",22,812
,,Dennison Crosswaite,Canada,Choco Coated Almonds,6/7/2021,"$7,721 ",264,368
,,Beverie Moffet,   New Zealand,70% Dark Bites,6/7/2021,"$6,944 ",446,463
,,Camilla Castle,  India,50% Dark Bites,6/7/2021,"$3,738 ",117,234
,,Ches Bonnell, Australia,Eclairs,6/7/2021,"$13,867 ",155,730
,,Karlen McCaffrey, UK,99% Dark & Pure,6/7/2021,"$6,664 ",152,392
,,Oby Sorrel,USA,Drinking Coco,6/7/2021,"$4,802 ",41,161
,,Roddy Speechley,   Canada,Raspberry Choco,6/7/2021,"$11,410 ",15,571
,,Curtice Advani,  India,Choco Coated Almonds,6/7/2021,$308 ,205,22
,,Beverie Moffet,   New Zealand,Milk Bars,7/7/2021,"$2,009 ",87,75
,,Ches Bonnell,   Canada,50% Dark Bites,7/7/2021,"$2,191 ",4,200
,,Gunar Cockshoot, India,Drinking Coco,7/7/2021,"$5,642 ",147,217
,,Karlen McCaffrey,   Canada,Milk Bars,7/7/2021,$511 ,295,20
,,Roddy Speechley,   Canada,50% Dark Bites,7/7/2021,"$19,754 ",175,1976
,,Dotty Strutley,   Canada,Drinking Coco,7/7/2021,"$1,547 ",286,65
,,Beverie Moffet,  New Zealand,Almond Choco,7/7/2021,"$4,991 ",532,294
,,Dotty Strutley,New Zealand,Manuka Honey Choco,7/7/2021,"$17,647 ",186,679
,,Roddy Speechley,   Australia,Eclairs,7/7/2021,"$12,593 ",37,969
,,Jan Morforth,   Australia,Fruit & Nut Bars,7/7/2021,"$4,368 ",51,398
,,Karlen McCaffrey,  UK,50% Dark Bites,7/7/2021,"$8,715 ",182,727
,,Barr Faughny,UK,Choco Coated Almonds,7/7/2021,"$1,617 ",314,102
,,Brien Boise,   USA,Choco Coated Almonds,7/7/2021,"$1,085 ",110,58
,,Dotty Strutley,New Zealand,Organic Choco Syrup,7/7/2021,"$4,256 ",283,158
,,Brien Boise, UK,Choco Coated Almonds,7/7/2021,$175 ,24,8
,,Roddy Speechley,   Canada,70% Dark Bites,7/7/2021,"$10,689 ",151,713
,,Kaine Padly,USA,Eclairs,7/7/2021,"$7,798 ",9,557
,,Van Tuxwell,   India,Baker's Choco Chips,7/7/2021,"$1,036 ",76,87
,,Ches Bonnell, New Zealand,White Choc,7/7/2021,"$2,107 ",17,163
,,Beverie Moffet,   New Zealand,After Nines,7/7/2021,"$7,098 ",348,237
,,Andria Kimpton,  Canada,Orange Choco,7/7/2021,"$3,073 ",94,513
,,Curtice Advani, UK,Baker's Choco Chips,7/7/2021,"$5,145 ",13,343
,,Gigi Bohling,  New Zealand,Organic Choco Syrup,7/7/2021,"$4,620 ",166,185
,,Karlen McCaffrey,India,Milk Bars,8/7/2021,"$6,062 ",244,217
,,Brien Boise,   Australia,Peanut Butter Cubes,8/7/2021,"$7,581 ",171,304
,,Ches Bonnell, New Zealand,Raspberry Choco,8/7/2021,"$2,198 ",17,105
,,Roddy Speechley,   India,Milk Bars,8/7/2021,"$1,946 ",51,65
,,Roddy Speechley, Canada,Caramel Stuffed Bars,8/7/2021,"$2,800 ",230,108
,,Camilla Castle,   UK,Smooth Sliky Salty,8/7/2021,"$7,182 ",332,360
,,Jehu Rudeforth,USA,Choco Coated Almonds,8/7/2021,"$7,301 ",287,522
,,Oby Sorrel,   Canada,Organic Choco Syrup,8/7/2021,"$10,108 ",107,349
,,Rafaelita Blaksland, India,Manuka Honey Choco,8/7/2021,"$5,369 ",97,174
,,Madelene Upcott,Canada,Choco Coated Almonds,8/7/2021,"$2,667 ",96,167
,,Wilone O'Kielt,  New Zealand,Caramel Stuffed Bars,8/7/2021,"$16,779 ",215,646
,,Jehu Rudeforth,New Zealand,70% Dark Bites,8/7/2021,"$10,521 ",132,1169
,,Mallorie Waber, Australia,Peanut Butter Cubes,8/7/2021,"$1,113 ",82,51
,,Mallorie Waber,   UK,White Choc,8/7/2021,"$13,188 ",301,1015
,,Kelci Walkden,   USA,Raspberry Choco,8/7/2021,"$4,760 ",53,340
,,Dotty Strutley, India,50% Dark Bites,8/7/2021,"$6,461 ",153,808
,,Jan Morforth,Canada,Orange Choco,8/7/2021,"$6,454 ",180,718
,,Andria Kimpton,Canada,Fruit & Nut Bars,8/7/2021,"$1,757 ",125,118
,,Mallorie Waber,  New Zealand,99% Dark & Pure,8/7/2021,"$2,618 ",83,110
,,Dotty Strutley,India,Drinking Coco,9/7/2021,"$10,815 ",100,373
,,Kaine Padly, UK,Drinking Coco,9/7/2021,"$12,488 ",358,500
,,Jehu Rudeforth,Canada,Eclairs,9/7/2021,"$4,536 ",139,239
,,Barr Faughny,  India,99% Dark & Pure,9/7/2021,"$1,645 ",379,83
,,Gunar Cockshoot,New Zealand,White Choc,12/7/2021,"$1,883 ",63,135
,,Karlen McCaffrey,Australia,50% Dark Bites,12/7/2021,"$7,091 ",92,546
,,Kaine Padly, Australia,70% Dark Bites,12/7/2021,"$7,763 ",351,555
,,Barr Faughny, New Zealand,Milk Bars,12/7/2021,"$2,534 ",46,111
,,Kelci Walkden,USA,Organic Choco Syrup,12/7/2021,$91 ,26,4
,,Marney O'Breen,   Canada,Milk Bars,12/7/2021,"$1,813 ",31,73
,,Andria Kimpton, USA,Raspberry Choco,12/7/2021,"$3,430 ",263,215
,,Husein Augar,UK,Smooth Sliky Salty,12/7/2021,"$7,063 ",18,416
,,Rafaelita Blaksland,UK,Caramel Stuffed Bars,12/7/2021,"$3,780 ",38,158
,,Kaine Padly, New Zealand,Mint Chip Choco,13/7/2021,"$1,456 ",61,91
,,Kaine Padly,   UK,Baker's Choco Chips,13/7/2021,"$7,889 ",337,494
,,Van Tuxwell, Canada,Organic Choco Syrup,13/7/2021,$693 ,248,23
,,Marney O'Breen,  USA,Orange Choco,13/7/2021,"$9,548 ",32,735
,,Wilone O'Kielt, New Zealand,Choco Coated Almonds,13/7/2021,"$4,445 ",211,203
,,Brien Boise, Canada,White Choc,13/7/2021,"$1,288 ",228,86
,,Kelci Walkden,  Canada,85% Dark Bars,13/7/2021,"$6,167 ",322,257
,,Gigi Bohling,  UK,Almond Choco,13/7/2021,"$6,909 ",112,364
,,Ches Bonnell,Australia,50% Dark Bites,13/7/2021,"$2,296 ",122,154
,,Gunar Cockshoot, New Zealand,Mint Chip Choco,14/7/2021,$406 ,15,24
,,Wilone O'Kielt,   India,Drinking Coco,14/7/2021,"$1,904 ",199,71
,,Dotty Strutley,  UK,Almond Choco,14/7/2021,"$9,443 ",168,430
,,Dotty Strutley, USA,Manuka Honey Choco,14/7/2021,"$1,232 ",7,38
,,Gigi Bohling,   UK,Mint Chip Choco,14/7/2021,"$1,519 ",9,95
,,Roddy Speechley,UK,Fruit & Nut Bars,14/7/2021,$231 ,299,14
,,Marney O'Breen,   Canada,After Nines,15/7/2021,"$4,907 ",212,205
,,Oby Sorrel,Australia,99% Dark & Pure,15/7/2021,"$5,999 ",430,316
,,Mallorie Waber,UK,Organic Choco Syrup,15/7/2021,"$2,863 ",158,99
,,Dennison Crosswaite,Australia,Organic Choco Syrup,15/7/2021,"$3,430 ",118,132
,,Jehu Rudeforth,   Canada,Caramel Stuffed Bars,15/7/2021,"$13,405 ",229,463
,,Jan Morforth,USA,Manuka Honey Choco,15/7/2021,"$1,981 ",260,67
,,Dotty Strutley, Australia,50% Dark Bites,15/7/2021,"$9,373 ",17,1042
,,Husein Augar,   UK,85% Dark Bars,15/7/2021,"$12,089 ",104,637
,,Marney O'Breen,  USA,Drinking Coco,15/7/2021,"$2,940 ",405,109
,,Dotty Strutley,  New Zealand,Choco Coated Almonds,15/7/2021,"$2,149 ",82,127
,,Jan Morforth, Canada,White Choc,15/7/2021,"$7,378 ",104,462
,,Mallorie Waber,   Canada,After Nines,15/7/2021,$945 ,59,30
,,Dotty Strutley, USA,Mint Chip Choco,15/7/2021,"$1,225 ",62,82
,,Dennison Crosswaite,Canada,50% Dark Bites,15/7/2021,"$8,484 ",201,606
,,Brien Boise,  Australia,Baker's Choco Chips,15/7/2021,"$2,009 ",75,155
,,Jan Morforth,   USA,Orange Choco,15/7/2021,"$11,473 ",80,1913
,,Kaine Padly,India,Peanut Butter Cubes,15/7/2021,$945 ,18,45
,,Beverie Moffet,   Australia,After Nines,15/7/2021,$973 ,97,41
,,Andria Kimpton,UK,White Choc,15/7/2021,"$6,517 ",36,593
,,Husein Augar,   New Zealand,Drinking Coco,16/7/2021,"$7,798 ",84,312
,,Husein Augar,  New Zealand,Mint Chip Choco,16/7/2021,$966 ,171,57
,,Wilone O'Kielt, New Zealand,50% Dark Bites,16/7/2021,$917 ,75,77
,,Andria Kimpton,  UK,Milk Bars,16/7/2021,$434 ,211,17
,,Dotty Strutley,  Australia,Drinking Coco,16/7/2021,"$9,037 ",509,323
,,Jan Morforth,   Australia,Smooth Sliky Salty,16/7/2021,$364 ,17,22
,,Karlen McCaffrey,   USA,Almond Choco,16/7/2021,"$7,903 ",14,416
,,Gigi Bohling,   USA,85% Dark Bars,16/7/2021,"$8,540 ",154,389
,,Madelene Upcott,  Canada,Mint Chip Choco,16/7/2021,"$4,130 ",64,207
,,Dennison Crosswaite,  USA,Eclairs,16/7/2021,"$2,653 ",161,166
,,Jehu Rudeforth,  UK,Eclairs,16/7/2021,"$7,133 ",84,549
,,Andria Kimpton,   USA,Caramel Stuffed Bars,16/7/2021,"$6,678 ",32,268
,,Husein Augar,  India,Manuka Honey Choco,16/7/2021,"$9,884 ",258,396
,,Madelene Upcott,  Australia,50% Dark Bites,16/7/2021,"$11,417 ",45,1269
,,Andria Kimpton,   India,Manuka Honey Choco,16/7/2021,"$11,039 ",91,409
,,Kaine Padly,   Australia,Organic Choco Syrup,16/7/2021,$189 ,229,7
,,Madelene Upcott,   India,Choco Coated Almonds,16/7/2021,"$2,835 ",6,135
,,Karlen McCaffrey,   Canada,Organic Choco Syrup,16/7/2021,"$4,214 ",116,141
,,Husein Augar, India,Eclairs,16/7/2021,"$3,031 ",505,145
,,Camilla Castle,India,85% Dark Bars,16/7/2021,"$4,851 ",131,211
,,Jan Morforth,   UK,Eclairs,16/7/2021,"$4,543 ",364,240
,,Husein Augar, Australia,Baker's Choco Chips,19/7/2021,"$3,108 ",210,389
,,Dotty Strutley,UK,Drinking Coco,19/7/2021,"$3,563 ",69,128
,,Roddy Speechley,  India,Raspberry Choco,19/7/2021,"$8,981 ",173,499
,,Curtice Advani,   Canada,Drinking Coco,19/7/2021,$833 ,105,34
,,Mallorie Waber,  Canada,Manuka Honey Choco,19/7/2021,"$4,165 ",20,155
,,Curtice Advani,New Zealand,Drinking Coco,19/7/2021,$896 ,211,36
,,Curtice Advani,   Canada,Baker's Choco Chips,19/7/2021,"$12,943 ",9,925
,,Andria Kimpton,India,99% Dark & Pure,19/7/2021,"$3,983 ",327,182
,,Jan Morforth, Australia,Spicy Special Slims,20/7/2021,"$4,025 ",73,161
,,Dennison Crosswaite,New Zealand,99% Dark & Pure,20/7/2021,"$4,809 ",169,241
,,Husein Augar,  Australia,Eclairs,20/7/2021,"$6,398 ",106,400
,,Dotty Strutley, USA,Smooth Sliky Salty,20/7/2021,"$2,387 ",160,171
,,Oby Sorrel,  India,Baker's Choco Chips,20/7/2021,"$5,789 ",245,446
,,Jehu Rudeforth,USA,Manuka Honey Choco,20/7/2021,"$6,769 ",60,219
,,Camilla Castle,  UK,White Choc,20/7/2021,"$3,248 ",113,271
,,Kaine Padly, Canada,Organic Choco Syrup,20/7/2021,"$11,473 ",290,499
,,Dennison Crosswaite,India,Raspberry Choco,20/7/2021,$819 ,135,49
,,Oby Sorrel,   USA,Peanut Butter Cubes,20/7/2021,"$6,195 ",66,239
,,Curtice Advani,  USA,Peanut Butter Cubes,20/7/2021,"$2,961 ",24,119
,,Karlen McCaffrey,   Australia,Spicy Special Slims,20/7/2021,"$3,360 ",247,147
,,Husein Augar,  USA,Almond Choco,20/7/2021,"$10,059 ",284,592
,,Andria Kimpton,   UK,Spicy Special Slims,20/7/2021,"$5,257 ",278,229
,,Van Tuxwell,   USA,Smooth Sliky Salty,21/7/2021,"$1,596 ",244,84
,,Karlen McCaffrey, India,Caramel Stuffed Bars,21/7/2021,"$8,316 ",85,320
,,Dennison Crosswaite,UK,50% Dark Bites,21/7/2021,"$3,283 ",356,235
,,Karlen McCaffrey,India,After Nines,21/7/2021,"$6,727 ",113,217
,,Brien Boise,  Australia,85% Dark Bars,21/7/2021,"$1,344 ",252,68
,,Wilone O'Kielt, Australia,Mint Chip Choco,21/7/2021,"$4,774 ",72,319
,,Karlen McCaffrey, USA,Milk Bars,21/7/2021,$399 ,243,14
,,Jehu Rudeforth,Australia,Milk Bars,21/7/2021,"$3,024 ",301,121
,,Jan Morforth, Australia,Almond Choco,21/7/2021,$602 ,126,41
,,Kelci Walkden, India,Choco Coated Almonds,21/7/2021,"$8,673 ",94,434
,,Marney O'Breen,  Australia,Smooth Sliky Salty,21/7/2021,"$12,404 ",192,591
,,Gigi Bohling,   Canada,Eclairs,21/7/2021,"$9,541 ",54,637
,,Marney O'Breen,USA,Almond Choco,21/7/2021,$483 ,180,25
,,Gigi Bohling, New Zealand,Drinking Coco,21/7/2021,"$2,709 ",173,97
,,Kaine Padly,   UK,Raspberry Choco,21/7/2021,"$10,983 ",68,687
,,Mallorie Waber,  New Zealand,Manuka Honey Choco,22/7/2021,"$4,326 ",183,140
,,Karlen McCaffrey,New Zealand,Mint Chip Choco,22/7/2021,$112 ,89,7
,,Oby Sorrel,  USA,Baker's Choco Chips,22/7/2021,"$5,565 ",39,619
,,Oby Sorrel, Australia,50% Dark Bites,22/7/2021,"$9,898 ",110,1100
,,Beverie Moffet,  USA,After Nines,22/7/2021,$476 ,176,20
,,Roddy Speechley,   USA,Eclairs,22/7/2021,"$4,599 ",197,329
,,Wilone O'Kielt,USA,White Choc,22/7/2021,"$3,031 ",113,190
,,Dennison Crosswaite,UK,After Nines,22/7/2021,"$5,208 ",124,186
,,Gigi Bohling,  USA,Choco Coated Almonds,22/7/2021,"$5,873 ",185,267
,,Karlen McCaffrey, India,Spicy Special Slims,22/7/2021,"$16,968 ",139,653
,,Rafaelita Blaksland,  USA,Choco Coated Almonds,22/7/2021,"$12,635 ",78,903
,,Jan Morforth, New Zealand,99% Dark & Pure,22/7/2021,$567 ,120,34
,,Curtice Advani,  UK,Organic Choco Syrup,22/7/2021,"$8,246 ",383,330
,,Rafaelita Blaksland,   New Zealand,Orange Choco,23/7/2021,"$3,101 ",232,239
,,Jehu Rudeforth,   Canada,Smooth Sliky Salty,23/7/2021,"$4,326 ",221,228
,,Dotty Strutley, New Zealand,Eclairs,23/7/2021,"$5,376 ",114,317
,,Curtice Advani,   New Zealand,Spicy Special Slims,23/7/2021,"$2,240 ",9,102
,,Van Tuxwell,  UK,Fruit & Nut Bars,23/7/2021,$784 ,118,44
,,Barr Faughny,   Canada,Almond Choco,26/7/2021,"$2,240 ",198,118
,,Barr Faughny,  Canada,Peanut Butter Cubes,26/7/2021,"$6,643 ",352,266
,,Gunar Cockshoot, USA,Smooth Sliky Salty,26/7/2021,"$4,459 ",186,235
,,Dotty Strutley,  Canada,Choco Coated Almonds,26/7/2021,"$6,713 ",286,373
,,Husein Augar,  Canada,Spicy Special Slims,26/7/2021,"$3,108 ",169,116
,,Brien Boise,   Canada,Choco Coated Almonds,26/7/2021,"$11,116 ",118,530
,,Curtice Advani,USA,99% Dark & Pure,26/7/2021,$406 ,329,18
,,Rafaelita Blaksland,   UK,70% Dark Bites,26/7/2021,"$6,055 ",532,757
,,Mallorie Waber,  Australia,Milk Bars,26/7/2021,"$2,968 ",12,106
,,Roddy Speechley,Canada,99% Dark & Pure,27/7/2021,"$5,369 ",264,256
,,Ches Bonnell, Australia,Caramel Stuffed Bars,27/7/2021,"$9,268 ",124,371
,,Curtice Advani, UK,Manuka Honey Choco,27/7/2021,"$7,735 ",458,287
,,Kaine Padly, Canada,Choco Coated Almonds,27/7/2021,"$8,540 ",390,407
,,Rafaelita Blaksland,   USA,Smooth Sliky Salty,27/7/2021,"$6,265 ",52,369
,,Rafaelita Blaksland,  New Zealand,Manuka Honey Choco,27/7/2021,$98 ,288,4
,,Jehu Rudeforth,  USA,Milk Bars,27/7/2021,"$7,105 ",22,237
,,Kaine Padly,UK,Peanut Butter Cubes,27/7/2021,"$10,605 ",14,483
,,Madelene Upcott, USA,Eclairs,27/7/2021,"$20,384 ",253,1359
,,Dotty Strutley,  USA,Drinking Coco,27/7/2021,$364 ,79,15
,,Brien Boise,  India,After Nines,27/7/2021,"$6,881 ",161,238
,,Marney O'Breen,  Australia,After Nines,27/7/2021,$483 ,48,20
,,Dotty Strutley, UK,Smooth Sliky Salty,27/7/2021,"$11,284 ",220,753
,,Mallorie Waber,New Zealand,Spicy Special Slims,27/7/2021,"$1,449 ",113,52
,,Gigi Bohling, UK,99% Dark & Pure,28/7/2021,"$7,273 ",403,317
,,Brien Boise,   Canada,Drinking Coco,28/7/2021,"$6,916 ",309,277
,,Kelci Walkden,   UK,Eclairs,28/7/2021,$868 ,38,52
,,Barr Faughny,UK,Smooth Sliky Salty,28/7/2021,$952 ,134,53
,,Marney O'Breen,New Zealand,Eclairs,28/7/2021,"$3,220 ",94,190
,,Madelene Upcott, New Zealand,Peanut Butter Cubes,28/7/2021,"$3,745 ",187,209
,,Wilone O'Kielt,Canada,Almond Choco,29/7/2021,"$10,878 ",57,473
,,Mallorie Waber, New Zealand,50% Dark Bites,29/7/2021,"$2,653 ",266,295
,,Jan Morforth, USA,Peanut Butter Cubes,29/7/2021,"$1,043 ",133,53
,,Camilla Castle, USA,White Choc,29/7/2021,"$5,257 ",63,526
,,Rafaelita Blaksland,   India,Raspberry Choco,29/7/2021,"$9,639 ",374,439
,,Kelci Walkden, New Zealand,Raspberry Choco,29/7/2021,"$12,950 ",249,720
,,Barr Faughny,  Australia,70% Dark Bites,29/7/2021,"$2,884 ",258,412
,,Gunar Cockshoot, India,Almond Choco,29/7/2021,"$3,024 ",340,132
,,Gunar Cockshoot,   New Zealand,Almond Choco,29/7/2021,"$9,394 ",332,553
,,Kaine Padly,  New Zealand,Spicy Special Slims,29/7/2021,"$3,878 ",1,177
,,Van Tuxwell,New Zealand,Mint Chip Choco,29/7/2021,"$9,863 ",245,520
,,Husein Augar, Australia,White Choc,29/7/2021,"$3,451 ",256,346
,,Beverie Moffet,Australia,Choco Coated Almonds,29/7/2021,"$8,078 ",136,385
,,Marney O'Breen,USA,Peanut Butter Cubes,29/7/2021,"$3,115 ",183,120
,,Marney O'Breen, Canada,99% Dark & Pure,29/7/2021,"$1,981 ",325,95
,,Beverie Moffet,   New Zealand,85% Dark Bars,29/7/2021,"$8,078 ",14,426
,,Roddy Speechley,   Canada,Drinking Coco,29/7/2021,"$8,757 ",229,351
,,Ches Bonnell, Australia,White Choc,29/7/2021,"$4,466 ",230,406
,,Wilone O'Kielt,Canada,Manuka Honey Choco,30/7/2021,$896 ,140,34
,,Kelci Walkden, Canada,Choco Coated Almonds,30/7/2021,"$10,045 ",145,670
,,Curtice Advani,New Zealand,Eclairs,30/7/2021,"$12,845 ",328,857
,,Oby Sorrel,   Canada,Eclairs,30/7/2021,"$8,708 ",115,581
,,Dennison Crosswaite,India,70% Dark Bites,30/7/2021,$476 ,21,44
,,Camilla Castle,  New Zealand,Raspberry Choco,30/7/2021,"$2,625 ",25,120
,,Van Tuxwell,   Canada,Fruit & Nut Bars,30/7/2021,"$10,969 ",391,646
,,Barr Faughny,USA,50% Dark Bites,2/8/2021,"$14,763 ",155,985
,,Oby Sorrel,   New Zealand,70% Dark Bites,2/8/2021,"$13,188 ",85,1884
,,Gigi Bohling, USA,Almond Choco,2/8/2021,"$6,944 ",299,386
,,Oby Sorrel,   Australia,Caramel Stuffed Bars,2/8/2021,"$8,561 ",196,306
,,Marney O'Breen,   New Zealand,Caramel Stuffed Bars,2/8/2021,"$4,753 ",259,217
,,Roddy Speechley,   India,Drinking Coco,2/8/2021,"$10,388 ",95,473
,,Madelene Upcott,   Australia,Caramel Stuffed Bars,2/8/2021,"$8,057 ",106,310
,,Barr Faughny,   UK,99% Dark & Pure,2/8/2021,$7 ,199,1
,,Wilone O'Kielt, New Zealand,Baker's Choco Chips,2/8/2021,"$1,666 ",94,209
,,Van Tuxwell,  USA,Milk Bars,2/8/2021,"$3,934 ",99,158
,,Karlen McCaffrey,India,Manuka Honey Choco,2/8/2021,"$11,746 ",297,368
,,Curtice Advani,   Australia,Orange Choco,2/8/2021,"$10,150 ",10,1015
,,Mallorie Waber,  UK,Almond Choco,2/8/2021,"$8,204 ",91,513
,,Barr Faughny,  New Zealand,Almond Choco,2/8/2021,"$8,015 ",357,501
,,Rafaelita Blaksland, India,Mint Chip Choco,2/8/2021,"$2,695 ",136,159
,,Jehu Rudeforth,  India,Fruit & Nut Bars,2/8/2021,"$4,277 ",97,286
,,Gigi Bohling, India,Caramel Stuffed Bars,2/8/2021,"$1,617 ",211,68
,,Rafaelita Blaksland,   India,Peanut Butter Cubes,2/8/2021,"$6,181 ",146,248
,,Beverie Moffet,Canada,85% Dark Bars,3/8/2021,"$5,957 ",71,249
,,Roddy Speechley,  Australia,Choco Coated Almonds,3/8/2021,"$4,550 ",41,253
,,Gigi Bohling,UK,After Nines,3/8/2021,"$7,217 ",1,278
,,Curtice Advani,  India,Eclairs,3/8/2021,"$4,151 ",21,260
,,Brien Boise, Canada,Manuka Honey Choco,3/8/2021,"$7,910 ",70,256
,,Kelci Walkden,New Zealand,Drinking Coco,3/8/2021,"$5,446 ",299,188
,,Roddy Speechley,   UK,Orange Choco,3/8/2021,"$9,443 ",403,1050
,,Jan Morforth,   Australia,Drinking Coco,3/8/2021,"$7,945 ",101,346
,,Dotty Strutley,USA,85% Dark Bars,3/8/2021,"$6,167 ",104,257
,,Dennison Crosswaite,  Canada,Orange Choco,4/8/2021,"$12,404 ",68,955
,,Dotty Strutley,  New Zealand,Peanut Butter Cubes,4/8/2021,"$7,168 ",12,378
,,Marney O'Breen,Australia,Almond Choco,4/8/2021,"$2,779 ",102,155
,,Karlen McCaffrey,  Australia,Raspberry Choco,5/8/2021,"$17,843 ",91,1190
,,Andria Kimpton,   India,Almond Choco,5/8/2021,"$1,491 ",171,68
,,Van Tuxwell,  UK,After Nines,5/8/2021,"$4,907 ",151,164
,,Oby Sorrel,   USA,Orange Choco,5/8/2021,"$11,452 ",137,1273
,,Rafaelita Blaksland,Australia,White Choc,5/8/2021,"$7,301 ",4,812
,,Curtice Advani,  Australia,Fruit & Nut Bars,5/8/2021,"$1,708 ",65,122
,,Marney O'Breen,  USA,Spicy Special Slims,5/8/2021,"$6,013 ",343,215
,,Karlen McCaffrey, USA,Fruit & Nut Bars,5/8/2021,"$3,654 ",62,261
,,Madelene Upcott, India,70% Dark Bites,5/8/2021,"$13,279 ",12,1660
,,Mallorie Waber,India,Manuka Honey Choco,5/8/2021,"$8,554 ",247,276
,,Husein Augar, Canada,White Choc,5/8/2021,"$8,554 ",56,713
,,Roddy Speechley, UK,Spicy Special Slims,5/8/2021,$14 ,27,1
,,Beverie Moffet,   UK,Almond Choco,5/8/2021,"$2,156 ",306,114
,,Jan Morforth, UK,Smooth Sliky Salty,6/8/2021,"$3,605 ",249,181
,,Camilla Castle,   Australia,Spicy Special Slims,6/8/2021,"$3,668 ",248,142
,,Curtice Advani, UK,Eclairs,6/8/2021,"$6,909 ",240,329
,,Beverie Moffet,  USA,Baker's Choco Chips,6/8/2021,"$7,434 ",52,744
,,Husein Augar,   New Zealand,Smooth Sliky Salty,6/8/2021,"$2,030 ",223,127
,,Van Tuxwell,  UK,Baker's Choco Chips,6/8/2021,"$12,201 ",108,763
,,Andria Kimpton,   Australia,Milk Bars,6/8/2021,"$5,075 ",53,203
,,Kelci Walkden,  New Zealand,Smooth Sliky Salty,6/8/2021,"$9,478 ",194,527
,,Dotty Strutley,   Australia,Baker's Choco Chips,6/8/2021,"$4,774 ",147,597
,,Gunar Cockshoot,  USA,Milk Bars,6/8/2021,"$7,413 ",268,323
,,Oby Sorrel,  UK,Baker's Choco Chips,6/8/2021,"$5,950 ",261,744
,,Barr Faughny,  Canada,Milk Bars,6/8/2021,"$4,592 ",84,192
,,Rafaelita Blaksland,  Canada,85% Dark Bars,6/8/2021,$42 ,80,2
,,Kaine Padly,   USA,Choco Coated Almonds,6/8/2021,"$1,148 ",383,77
,,Curtice Advani,   USA,Smooth Sliky Salty,9/8/2021,"$3,122 ",30,165
,,Jehu Rudeforth,New Zealand,99% Dark & Pure,9/8/2021,"$6,510 ",366,362
,,Rafaelita Blaksland,India,Milk Bars,9/8/2021,"$1,421 ",135,53
,,Rafaelita Blaksland,  UK,Spicy Special Slims,9/8/2021,$273 ,221,13
,,Curtice Advani,India,85% Dark Bars,9/8/2021,"$15,400 ",62,963
,,Kaine Padly, Canada,50% Dark Bites,9/8/2021,"$11,193 ",39,700
,,Curtice Advani,   Australia,99% Dark & Pure,9/8/2021,"$15,813 ",158,753
,,Dennison Crosswaite,   Canada,85% Dark Bars,9/8/2021,"$4,375 ",280,274
,,Dotty Strutley,   USA,50% Dark Bites,9/8/2021,"$11,683 ",166,899
,,Van Tuxwell, Australia,Spicy Special Slims,9/8/2021,"$9,009 ",262,361
,,Rafaelita Blaksland,  Australia,Spicy Special Slims,9/8/2021,"$7,112 ",180,264
,,Marney O'Breen,  Australia,Orange Choco,9/8/2021,$882 ,158,126
,,Oby Sorrel,  India,70% Dark Bites,9/8/2021,"$5,152 ",91,644
,,Ches Bonnell,Canada,Almond Choco,9/8/2021,"$2,947 ",438,174
,,Kaine Padly,USA,85% Dark Bars,9/8/2021,"$2,905 ",226,146
,,Brien Boise,   UK,Caramel Stuffed Bars,9/8/2021,"$2,548 ",267,107
,,Jehu Rudeforth,  New Zealand,Drinking Coco,9/8/2021,"$3,437 ",462,157
,,Dennison Crosswaite, USA,Raspberry Choco,9/8/2021,"$5,740 ",80,410
,,Gigi Bohling, UK,85% Dark Bars,9/8/2021,"$2,842 ",12,168
,,Barr Faughny,USA,99% Dark & Pure,9/8/2021,"$9,863 ",348,429
,,Andria Kimpton,  USA,99% Dark & Pure,9/8/2021,"$2,772 ",250,164
,,Brien Boise,   Australia,Eclairs,9/8/2021,"$7,833 ",184,603
,,Curtice Advani, India,Baker's Choco Chips,10/8/2021,"$10,248 ",61,684
,,Andria Kimpton,UK,Raspberry Choco,10/8/2021,"$5,677 ",176,355
,,Rafaelita Blaksland, Canada,Orange Choco,10/8/2021,"$8,596 ",282,1433
,,Wilone O'Kielt,Canada,Spicy Special Slims,10/8/2021,"$6,657 ",104,267
,,Gigi Bohling,India,Baker's Choco Chips,10/8/2021,"$8,134 ",231,678
,,Jan Morforth, New Zealand,Caramel Stuffed Bars,10/8/2021,"$3,122 ",215,105
,,Marney O'Breen,New Zealand,White Choc,10/8/2021,$875 ,213,55
,,Dotty Strutley,  UK,Caramel Stuffed Bars,10/8/2021,"$3,199 ",385,134
,,Oby Sorrel,   India,Orange Choco,10/8/2021,"$5,600 ",270,700
,,Van Tuxwell,USA,Choco Coated Almonds,10/8/2021,"$2,646 ",37,177
,,Dennison Crosswaite,  Canada,99% Dark & Pure,10/8/2021,"$16,940 ",164,706
,,Roddy Speechley, UK,Organic Choco Syrup,10/8/2021,"$9,191 ",114,368
,,Gunar Cockshoot,  Australia,Smooth Sliky Salty,10/8/2021,"$9,562 ",379,456
,,Curtice Advani, New Zealand,Manuka Honey Choco,10/8/2021,$567 ,55,20
,,Mallorie Waber, USA,Fruit & Nut Bars,10/8/2021,"$5,173 ",186,288
,,Kaine Padly, New Zealand,Orange Choco,10/8/2021,"$4,781 ",273,342
,,Gunar Cockshoot,India,Manuka Honey Choco,10/8/2021,"$6,111 ",73,191
,,Dennison Crosswaite,  New Zealand,Eclairs,10/8/2021,"$2,373 ",477,119
,,Beverie Moffet,  India,Raspberry Choco,10/8/2021,"$17,892 ",469,1278
,,Gigi Bohling,USA,Caramel Stuffed Bars,10/8/2021,"$1,729 ",43,70
,,Beverie Moffet, New Zealand,50% Dark Bites,10/8/2021,"$4,508 ",87,282
,,Dotty Strutley,New Zealand,After Nines,11/8/2021,"$11,641 ",76,432
,,Camilla Castle,  Canada,Drinking Coco,11/8/2021,"$3,647 ",239,131
,,Gigi Bohling,Canada,Organic Choco Syrup,11/8/2021,"$5,670 ",20,237
,,Van Tuxwell,  USA,Mint Chip Choco,11/8/2021,"$1,036 ",528,58
,,Jehu Rudeforth,New Zealand,Raspberry Choco,11/8/2021,"$11,067 ",107,615
,,Karlen McCaffrey,Canada,Caramel Stuffed Bars,11/8/2021,"$3,010 ",149,131
,,Wilone O'Kielt,   New Zealand,Almond Choco,11/8/2021,"$4,753 ",187,207
,,Dennison Crosswaite,  UK,Raspberry Choco,11/8/2021,"$11,690 ",278,616
,,Husein Augar, India,Choco Coated Almonds,11/8/2021,"$1,428 ",95,96
,,Madelene Upcott,  UK,70% Dark Bites,11/8/2021,"$5,467 ",30,547
,,Barr Faughny, Australia,Peanut Butter Cubes,11/8/2021,"$11,018 ",126,501
,,Marney O'Breen,India,Baker's Choco Chips,11/8/2021,"$10,171 ",11,1272
,,Camilla Castle,  USA,Raspberry Choco,11/8/2021,"$4,935 ",286,260
,,Mallorie Waber, India,After Nines,11/8/2021,"$2,499 ",20,81
,,Jehu Rudeforth, Canada,Almond Choco,11/8/2021,"$2,492 ",91,139
,,Karlen McCaffrey,UK,Baker's Choco Chips,11/8/2021,"$17,549 ",194,1755
,,Van Tuxwell,  UK,Manuka Honey Choco,11/8/2021,"$6,636 ",35,256
,,Van Tuxwell, Canada,After Nines,11/8/2021,"$8,904 ",372,308
,,Oby Sorrel,   UK,Orange Choco,11/8/2021,"$16,702 ",324,1392
,,Gigi Bohling,   Canada,Drinking Coco,11/8/2021,"$1,701 ",500,59
,,Ches Bonnell,  UK,Peanut Butter Cubes,11/8/2021,"$10,269 ",324,541
,,Jehu Rudeforth,UK,Orange Choco,11/8/2021,"$4,410 ",81,630
,,Kaine Padly,   UK,White Choc,12/8/2021,"$1,610 ",417,115
,,Marney O'Breen,  Canada,Choco Coated Almonds,12/8/2021,"$14,399 ",141,800
,,Husein Augar,   New Zealand,Spicy Special Slims,12/8/2021,"$1,169 ",310,49
,,Kaine Padly, UK,Smooth Sliky Salty,12/8/2021,"$13,867 ",320,694
,,Brien Boise,  USA,70% Dark Bites,12/8/2021,"$2,261 ",89,283
,,Mallorie Waber,India,Caramel Stuffed Bars,12/8/2021,"$2,394 ",171,83
,,Van Tuxwell, Australia,Milk Bars,12/8/2021,"$5,243 ",30,228
,,Beverie Moffet,   New Zealand,99% Dark & Pure,12/8/2021,"$4,501 ",145,196
,,Karlen McCaffrey,UK,Manuka Honey Choco,13/8/2021,"$2,513 ",144,77
,,Karlen McCaffrey,  Canada,Spicy Special Slims,13/8/2021,"$2,828 ",49,114
,,Kaine Padly,USA,Orange Choco,13/8/2021,"$13,944 ",77,1550
,,Jan Morforth,   USA,Organic Choco Syrup,13/8/2021,"$3,136 ",63,112
,,Curtice Advani, UK,Almond Choco,13/8/2021,"$6,587 ",214,347
,,Kelci Walkden, New Zealand,Spicy Special Slims,13/8/2021,"$2,254 ",232,87
,,Andria Kimpton,   New Zealand,Orange Choco,13/8/2021,"$6,356 ",64,795
,,Gunar Cockshoot, India,Eclairs,13/8/2021,"$2,688 ",312,168
,,Roddy Speechley, Canada,Fruit & Nut Bars,13/8/2021,"$5,719 ",57,477
,,Kelci Walkden,   UK,White Choc,13/8/2021,$238 ,122,27
,,Jan Morforth,India,Manuka Honey Choco,13/8/2021,"$3,486 ",62,113
,,Beverie Moffet, India,Almond Choco,13/8/2021,"$4,228 ",190,193
,,Karlen McCaffrey,UK,After Nines,16/8/2021,"$12,054 ",43,389
,,Van Tuxwell,Australia,Baker's Choco Chips,16/8/2021,$777 ,360,52
,,Husein Augar,   India,Almond Choco,16/8/2021,"$1,281 ",266,81
,,Beverie Moffet,  India,Mint Chip Choco,16/8/2021,"$15,043 ",167,836
,,Ches Bonnell,   Canada,Milk Bars,16/8/2021,"$7,959 ",84,319
,,Oby Sorrel,  USA,Eclairs,16/8/2021,$651 ,107,31
,,Ches Bonnell,  USA,Baker's Choco Chips,16/8/2021,"$14,280 ",124,1190
,,Ches Bonnell,Australia,Smooth Sliky Salty,16/8/2021,$672 ,190,42
,,Dennison Crosswaite,India,Caramel Stuffed Bars,16/8/2021,$420 ,64,15
,,Jehu Rudeforth, India,99% Dark & Pure,16/8/2021,"$9,527 ",220,397
,,Husein Augar,USA,Choco Coated Almonds,16/8/2021,"$3,262 ",58,164
,,Kaine Padly, Australia,Orange Choco,16/8/2021,"$5,201 ",107,401
,,Andria Kimpton,   UK,Manuka Honey Choco,16/8/2021,"$9,905 ",69,331
,,Jehu Rudeforth,  Australia,Choco Coated Almonds,16/8/2021,"$2,457 ",245,176
,,Ches Bonnell, New Zealand,Eclairs,16/8/2021,"$8,890 ",11,494
,,Kelci Walkden,  USA,Eclairs,17/8/2021,"$1,960 ",66,109
,,Rafaelita Blaksland,  India,Choco Coated Almonds,17/8/2021,"$4,487 ",99,214
,,Karlen McCaffrey,  Australia,Baker's Choco Chips,17/8/2021,"$2,240 ",32,249
,,Mallorie Waber, USA,Drinking Coco,17/8/2021,$308 ,445,14
,,Wilone O'Kielt,Australia,Milk Bars,17/8/2021,"$1,568 ",30,61
,,Dotty Strutley,   India,Orange Choco,18/8/2021,"$6,510 ",536,465
,,Beverie Moffet,UK,Organic Choco Syrup,18/8/2021,"$5,992 ",263,207
,,Karlen McCaffrey, Canada,Drinking Coco,18/8/2021,$609 ,398,24
,,Madelene Upcott,   UK,99% Dark & Pure,18/8/2021,"$8,141 ",73,340
,,Dennison Crosswaite,Australia,White Choc,18/8/2021,"$12,908 ",106,1174
,,Dotty Strutley,  New Zealand,85% Dark Bars,18/8/2021,$266 ,265,15
,,Dotty Strutley, Australia,Choco Coated Almonds,18/8/2021,"$14,672 ",122,816
,,Andria Kimpton,New Zealand,Manuka Honey Choco,18/8/2021,"$8,540 ",200,285
,,Jehu Rudeforth,Canada,Raspberry Choco,18/8/2021,$546 ,145,26
,,Roddy Speechley,  Australia,Peanut Butter Cubes,18/8/2021,"$1,631 ",43,86
,,Andria Kimpton,India,Fruit & Nut Bars,18/8/2021,$203 ,173,21
,,Camilla Castle,  Australia,85% Dark Bars,18/8/2021,"$3,451 ",21,165
,,Marney O'Breen, New Zealand,Manuka Honey Choco,18/8/2021,"$9,303 ",14,282
,,Dotty Strutley,   USA,Choco Coated Almonds,18/8/2021,"$5,565 ",314,293
,,Madelene Upcott, Canada,Baker's Choco Chips,18/8/2021,"$6,083 ",124,676
,,Andria Kimpton, USA,Eclairs,18/8/2021,"$3,808 ",50,293
,,Camilla Castle,   Australia,Drinking Coco,18/8/2021,"$4,634 ",25,172
,,Gigi Bohling,   UK,50% Dark Bites,18/8/2021,"$1,085 ",50,68
,,Madelene Upcott,   Canada,Spicy Special Slims,19/8/2021,"$9,506 ",39,476
,,Ches Bonnell,  Canada,99% Dark & Pure,19/8/2021,"$6,468 ",323,270
,,Ches Bonnell,  USA,Peanut Butter Cubes,19/8/2021,"$10,766 ",106,490
,,Husein Augar,   India,After Nines,19/8/2021,"$2,359 ",53,91
,,Van Tuxwell,   New Zealand,Smooth Sliky Salty,19/8/2021,$273 ,227,21
,,Camilla Castle,Australia,50% Dark Bites,19/8/2021,"$7,217 ",13,602
,,Kaine Padly,   Australia,Baker's Choco Chips,19/8/2021,"$8,386 ",7,560
,,Barr Faughny,   New Zealand,99% Dark & Pure,19/8/2021,"$13,111 ",43,625
,,Andria Kimpton,  USA,Peanut Butter Cubes,19/8/2021,$287 ,82,16
,,Madelene Upcott,   Australia,Spicy Special Slims,19/8/2021,"$11,795 ",204,492
,,Wilone O'Kielt,Canada,Fruit & Nut Bars,19/8/2021,"$7,721 ",56,483
,,Camilla Castle,  New Zealand,Baker's Choco Chips,19/8/2021,$147 ,179,11
,,Camilla Castle, Australia,70% Dark Bites,19/8/2021,"$2,891 ",32,207
,,Curtice Advani, India,Fruit & Nut Bars,19/8/2021,$875 ,256,49
,,Barr Faughny,  UK,50% Dark Bites,19/8/2021,$910 ,38,102
,,Andria Kimpton,   USA,Baker's Choco Chips,20/8/2021,"$1,498 ",109,100
,,Van Tuxwell,   Canada,Mint Chip Choco,20/8/2021,"$1,099 ",123,74
,,Andria Kimpton, Canada,After Nines,20/8/2021,$805 ,69,26
,,Jehu Rudeforth,USA,Almond Choco,20/8/2021,"$2,268 ",119,152
,,Dennison Crosswaite,  USA,Milk Bars,20/8/2021,"$1,568 ",220,69
,,Roddy Speechley,  UK,White Choc,20/8/2021,$49 ,4,4
,,Ches Bonnell,  Canada,Drinking Coco,20/8/2021,"$12,558 ",133,503
,,Camilla Castle,Australia,Eclairs,20/8/2021,"$2,856 ",199,179
,,Kelci Walkden,   New Zealand,Milk Bars,20/8/2021,$896 ,84,32
,,Karlen McCaffrey, New Zealand,Almond Choco,20/8/2021,"$2,709 ",145,118
,,Barr Faughny, Australia,Baker's Choco Chips,20/8/2021,"$1,729 ",326,217
,,Roddy Speechley,  New Zealand,Almond Choco,20/8/2021,"$5,215 ",250,326
,,Marney O'Breen,   UK,Smooth Sliky Salty,20/8/2021,"$1,008 ",205,56
,,Andria Kimpton,USA,Manuka Honey Choco,20/8/2021,"$10,661 ",229,356
,,Dotty Strutley,   India,Fruit & Nut Bars,20/8/2021,"$6,713 ",154,560
,,Ches Bonnell, Canada,After Nines,20/8/2021,"$5,320 ",98,190
,,Beverie Moffet,USA,Raspberry Choco,20/8/2021,"$3,850 ",311,193
,,Van Tuxwell,   Australia,Peanut Butter Cubes,20/8/2021,$616 ,103,27
,,Rafaelita Blaksland,   USA,Fruit & Nut Bars,20/8/2021,"$3,318 ",139,237
,,Ches Bonnell,India,Fruit & Nut Bars,20/8/2021,"$1,876 ",72,134
,,Camilla Castle, New Zealand,Spicy Special Slims,20/8/2021,"$10,724 ",206,511
,,Oby Sorrel,   India,Drinking Coco,20/8/2021,"$1,757 ",239,61
,,Kaine Padly,  Australia,Raspberry Choco,20/8/2021,"$11,060 ",139,692
,,Beverie Moffet,   India,After Nines,20/8/2021,"$1,645 ",272,64
,,Jehu Rudeforth,UK,Drinking Coco,23/8/2021,$952 ,267,34
,,Mallorie Waber,  India,Peanut Butter Cubes,23/8/2021,"$2,786 ",133,155
,,Dotty Strutley, UK,Raspberry Choco,23/8/2021,"$8,659 ",391,394
,,Mallorie Waber, UK,Orange Choco,23/8/2021,"$9,765 ",70,698
,,Camilla Castle,   Australia,White Choc,23/8/2021,"$6,314 ",106,451
,,Roddy Speechley,  New Zealand,Baker's Choco Chips,23/8/2021,"$4,431 ",91,296
,,Camilla Castle,  Australia,Mint Chip Choco,23/8/2021,"$1,918 ",107,113
,,Gigi Bohling, UK,Choco Coated Almonds,23/8/2021,"$6,111 ",51,322
,,Madelene Upcott,  UK,Drinking Coco,23/8/2021,$329 ,378,13
,,Andria Kimpton,  USA,Mint Chip Choco,23/8/2021,"$6,146 ",169,473
,,Camilla Castle, New Zealand,Smooth Sliky Salty,23/8/2021,"$4,529 ",13,324
,,Mallorie Waber, India,Choco Coated Almonds,23/8/2021,"$3,241 ",23,232
,,Jan Morforth,Australia,Raspberry Choco,24/8/2021,"$1,120 ",22,63
,,Gunar Cockshoot, Australia,Mint Chip Choco,24/8/2021,$770 ,4,52
,,Dennison Crosswaite,  New Zealand,After Nines,24/8/2021,"$8,064 ",8,279
,,Jan Morforth,   India,Spicy Special Slims,24/8/2021,"$3,780 ",44,172
,,Barr Faughny,  Australia,Raspberry Choco,24/8/2021,"$1,211 ",224,58
,,Wilone O'Kielt,  India,Orange Choco,24/8/2021,"$2,338 ",120,167
,,Andria Kimpton,  Australia,Organic Choco Syrup,24/8/2021,"$1,666 ",126,54
,,Brien Boise, New Zealand,Manuka Honey Choco,25/8/2021,"$1,057 ",206,38
,,Jehu Rudeforth,  India,Mint Chip Choco,25/8/2021,"$11,291 ",145,706
,,Madelene Upcott,   India,Eclairs,25/8/2021,"$5,103 ",236,243
,,Marney O'Breen,  USA,Baker's Choco Chips,25/8/2021,"$2,982 ",199,213
,,Curtice Advani, USA,Milk Bars,25/8/2021,"$1,274 ",44,51
,,Curtice Advani,   UK,White Choc,26/8/2021,"$2,786 ",31,164
,,Gigi Bohling,New Zealand,Mint Chip Choco,26/8/2021,"$7,609 ",270,401
,,Dennison Crosswaite,   Australia,Almond Choco,26/8/2021,"$5,285 ",86,265
,,Curtice Advani,New Zealand,Fruit & Nut Bars,26/8/2021,$196 ,150,18
,,Ches Bonnell,Australia,Baker's Choco Chips,26/8/2021,$945 ,175,63
,,Wilone O'Kielt, Canada,Organic Choco Syrup,27/8/2021,"$8,638 ",318,376
,,Gunar Cockshoot, India,Smooth Sliky Salty,27/8/2021,"$12,446 ",242,593
,,Barr Faughny,   USA,Choco Coated Almonds,27/8/2021,$140 ,80,7
,,Ches Bonnell,   UK,Choco Coated Almonds,27/8/2021,$903 ,206,43
,,Roddy Speechley, UK,Choco Coated Almonds,27/8/2021,"$7,742 ",55,517
,,Dotty Strutley,Australia,Caramel Stuffed Bars,27/8/2021,$525 ,18,21
,,Oby Sorrel, New Zealand,White Choc,27/8/2021,"$8,428 ",50,937
,,Mallorie Waber,   Australia,85% Dark Bars,27/8/2021,$784 ,20,42
,,Kelci Walkden,  Canada,Mint Chip Choco,30/8/2021,"$4,403 ",288,294
,,Madelene Upcott,  USA,99% Dark & Pure,30/8/2021,"$1,022 ",124,45
,,Karlen McCaffrey,UK,Smooth Sliky Salty,30/8/2021,"$10,080 ",242,720
,,Mallorie Waber,  India,Fruit & Nut Bars,30/8/2021,"$9,212 ",420,709
,,Kelci Walkden, Australia,Fruit & Nut Bars,30/8/2021,"$7,392 ",184,740
,,Marney O'Breen, Canada,Caramel Stuffed Bars,31/8/2021,"$6,174 ",130,229
,,Wilone O'Kielt,   Canada,After Nines,31/8/2021,"$2,709 ",102,105
,,Wilone O'Kielt, Australia,Manuka Honey Choco,31/8/2021,"$9,303 ",77,333
,,Oby Sorrel,  New Zealand,Caramel Stuffed Bars,31/8/2021,"$2,401 ",14,101
,,Brien Boise, UK,Drinking Coco,31/8/2021,$126 ,8,6
,,Marney O'Breen,UK,85% Dark Bars,31/8/2021,"$2,695 ",50,118
,,Ches Bonnell,  New Zealand,Smooth Sliky Salty,31/8/2021,"$7,882 ",358,493
,,Oby Sorrel,Australia,Milk Bars,31/8/2021,"$13,370 ",265,432
,,Oby Sorrel,   Canada,After Nines,31/8/2021,"$5,215 ",245,174
,,Madelene Upcott, USA,50% Dark Bites,31/8/2021,"$12,978 ",239,1082
,,Camilla Castle,  USA,Drinking Coco,31/8/2021,"$15,813 ",41,688
,,Roddy Speechley, India,Choco Coated Almonds,31/8/2021,$749 ,560,45
,,Kelci Walkden,   New Zealand,Peanut Butter Cubes,31/8/2021,"$6,020 ",304,241
,,Andria Kimpton,  USA,After Nines,31/8/2021,"$2,135 ",210,67
,,Kaine Padly,  India,Raspberry Choco,31/8/2021,"$10,927 ",221,608
,,Rafaelita Blaksland,  Australia,Raspberry Choco,31/8/2021,"$2,275 ",56,120
,,Rafaelita Blaksland,   New Zealand,Mint Chip Choco,31/8/2021,"$9,443 ",12,450
,,Wilone O'Kielt, Australia,50% Dark Bites,31/8/2021,"$11,326 ",243,944
,,Mallorie Waber,Canada,Spicy Special Slims,31/8/2021,"$2,100 ",352,105
,,Camilla Castle, UK,Raspberry Choco,1/9/2021,"$1,127 ",236,54
,,Gigi Bohling,  India,Drinking Coco,1/9/2021,"$5,026 ",127,219
,,Van Tuxwell, UK,Drinking Coco,1/9/2021,"$4,991 ",80,185
,,Barr Faughny, India,White Choc,1/9/2021,$175 ,59,12
,,Dotty Strutley,New Zealand,Milk Bars,1/9/2021,"$9,968 ",466,356
,,Mallorie Waber,   New Zealand,Smooth Sliky Salty,1/9/2021,"$4,977 ",142,277
,,Oby Sorrel,  India,After Nines,1/9/2021,"$3,423 ",178,123
,,Jan Morforth,   USA,Milk Bars,1/9/2021,"$7,952 ",86,319
,,Curtice Advani,  New Zealand,After Nines,1/9/2021,"$5,859 ",146,245
,,Wilone O'Kielt, India,50% Dark Bites,1/9/2021,"$3,920 ",543,262
,,Gunar Cockshoot, New Zealand,Manuka Honey Choco,1/9/2021,"$4,774 ",332,165
,,Husein Augar,   UK,Drinking Coco,1/9/2021,"$4,165 ",128,139
,,Van Tuxwell,   UK,99% Dark & Pure,1/9/2021,"$7,518 ",137,358
,,Wilone O'Kielt,   India,Peanut Butter Cubes,1/9/2021,"$4,249 ",74,237
,,Ches Bonnell, New Zealand,Spicy Special Slims,1/9/2021,"$2,492 ",364,89
,,Jan Morforth,UK,Spicy Special Slims,1/9/2021,"$4,914 ",7,176
,,Jehu Rudeforth,   New Zealand,Milk Bars,1/9/2021,"$6,132 ",88,212
,,Camilla Castle,   UK,Orange Choco,2/9/2021,$910 ,213,114
,,Mallorie Waber, Canada,Raspberry Choco,2/9/2021,"$2,212 ",302,101
,,Kelci Walkden, Australia,Organic Choco Syrup,2/9/2021,"$5,796 ",137,207
,,Mallorie Waber, Australia,Mint Chip Choco,2/9/2021,"$20,181 ",414,1010
,,Ches Bonnell,  Australia,Fruit & Nut Bars,2/9/2021,"$6,272 ",198,571
,,Mallorie Waber,   New Zealand,Orange Choco,2/9/2021,"$3,171 ",99,244
,,Karlen McCaffrey, UK,85% Dark Bars,2/9/2021,$567 ,230,27
,,Gigi Bohling,   Canada,Baker's Choco Chips,2/9/2021,"$1,701 ",398,171
,,Dennison Crosswaite, Australia,Smooth Sliky Salty,3/9/2021,"$11,704 ",129,836
,,Brien Boise,  USA,Mint Chip Choco,3/9/2021,$420 ,85,25
,,Madelene Upcott,   UK,Orange Choco,3/9/2021,$840 ,115,60
,,Gigi Bohling, Canada,White Choc,3/9/2021,"$9,940 ",311,663
,,Gigi Bohling,  Australia,Eclairs,3/9/2021,"$7,392 ",189,528
,,Marney O'Breen, UK,Fruit & Nut Bars,3/9/2021,$434 ,246,28
,,Kaine Padly,   USA,50% Dark Bites,3/9/2021,"$2,982 ",72,187
,,Jan Morforth,  New Zealand,Manuka Honey Choco,6/9/2021,$357 ,139,11
,,Andria Kimpton, Canada,Organic Choco Syrup,6/9/2021,"$12,999 ",134,500
,,Gunar Cockshoot, UK,Mint Chip Choco,6/9/2021,"$3,920 ",110,280
,,Barr Faughny,India,Almond Choco,6/9/2021,"$6,741 ",100,338
,,Jehu Rudeforth,   UK,Peanut Butter Cubes,6/9/2021,"$4,529 ",353,175
,,Brien Boise,   USA,50% Dark Bites,6/9/2021,"$4,340 ",80,543
,,Barr Faughny,  India,Spicy Special Slims,7/9/2021,"$10,262 ",5,467
,,Karlen McCaffrey, New Zealand,Baker's Choco Chips,7/9/2021,"$5,845 ",108,488
,,Oby Sorrel,Canada,Peanut Butter Cubes,7/9/2021,"$3,577 ",30,144
,,Marney O'Breen,   USA,Choco Coated Almonds,7/9/2021,"$5,789 ",54,414
,,Dotty Strutley,Australia,99% Dark & Pure,8/9/2021,"$2,912 ",285,133
,,Curtice Advani,Australia,Manuka Honey Choco,8/9/2021,$182 ,140,7
,,Roddy Speechley,   UK,Baker's Choco Chips,8/9/2021,"$5,152 ",29,573
,,Mallorie Waber, India,Drinking Coco,8/9/2021,"$10,206 ",75,444
,,Dennison Crosswaite,   Canada,Drinking Coco,8/9/2021,"$4,347 ",73,189
,,Marney O'Breen,India,Raspberry Choco,8/9/2021,"$4,935 ",520,260
,,Ches Bonnell, Australia,85% Dark Bars,8/9/2021,"$1,813 ",490,96
,,Brien Boise,Canada,Organic Choco Syrup,8/9/2021,"$2,289 ",105,74
,,Ches Bonnell,  USA,White Choc,8/9/2021,"$3,794 ",35,422
,,Jan Morforth, USA,Caramel Stuffed Bars,9/9/2021,"$5,278 ",216,203
,,Barr Faughny,New Zealand,Organic Choco Syrup,9/9/2021,"$2,940 ",112,95
,,Husein Augar,  India,Fruit & Nut Bars,9/9/2021,"$8,120 ",138,452
,,Karlen McCaffrey,India,Smooth Sliky Salty,9/9/2021,"$5,565 ",55,279
,,Madelene Upcott,   Australia,Milk Bars,9/9/2021,"$1,526 ",94,64
,,Mallorie Waber, New Zealand,Organic Choco Syrup,9/9/2021,"$9,611 ",5,418
,,Jehu Rudeforth,UK,99% Dark & Pure,10/9/2021,"$7,518 ",197,342
,,Dennison Crosswaite,   UK,85% Dark Bars,10/9/2021,"$13,580 ",129,591
,,Wilone O'Kielt, USA,Spicy Special Slims,10/9/2021,"$3,976 ",32,160
,,Gigi Bohling, New Zealand,White Choc,10/9/2021,"$11,277 ",87,664
,,Barr Faughny,   Australia,Spicy Special Slims,10/9/2021,"$5,068 ",110,242
,,Ches Bonnell, India,Orange Choco,10/9/2021,"$8,267 ",107,689
,,Rafaelita Blaksland,India,99% Dark & Pure,10/9/2021,"$8,862 ",345,522
,,Van Tuxwell,Canada,Drinking Coco,10/9/2021,"$15,015 ",360,653
,,Curtice Advani,   India,99% Dark & Pure,10/9/2021,"$4,438 ",135,247
,,Kelci Walkden,  Australia,99% Dark & Pure,10/9/2021,"$9,128 ",419,508
,,Jehu Rudeforth,  Canada,Choco Coated Almonds,10/9/2021,"$2,709 ",414,129
,,Gigi Bohling,  UK,Milk Bars,10/9/2021,"$15,960 ",18,639
,,Marney O'Breen, India,Milk Bars,10/9/2021,"$5,439 ",199,182
,,Wilone O'Kielt,  Australia,99% Dark & Pure,10/9/2021,"$1,540 ",109,74
,,Madelene Upcott,Australia,After Nines,10/9/2021,"$14,728 ",125,476
,,Rafaelita Blaksland,   India,After Nines,10/9/2021,"$4,704 ",200,157
,,Beverie Moffet,  Canada,Almond Choco,10/9/2021,"$1,540 ",108,74
,,Ches Bonnell,New Zealand,Caramel Stuffed Bars,10/9/2021,"$11,109 ",88,428
,,Jan Morforth, New Zealand,White Choc,10/9/2021,"$1,638 ",92,182
,,Madelene Upcott,   New Zealand,Eclairs,10/9/2021,"$2,541 ",98,128
,,Kaine Padly, Canada,Peanut Butter Cubes,10/9/2021,$231 ,184,12
,,Karlen McCaffrey,  India,Peanut Butter Cubes,10/9/2021,"$11,249 ",70,490
,,Barr Faughny,   UK,Mint Chip Choco,10/9/2021,"$5,306 ",120,332
,,Curtice Advani,Canada,85% Dark Bars,10/9/2021,"$2,079 ",164,123
,,Brien Boise, New Zealand,85% Dark Bars,10/9/2021,"$1,148 ",113,61
,,Jehu Rudeforth,   Canada,Fruit & Nut Bars,13/9/2021,$322 ,123,33
,,Kelci Walkden,  UK,Organic Choco Syrup,13/9/2021,"$1,239 ",71,42
,,Ches Bonnell, India,Milk Bars,13/9/2021,"$16,681 ",274,596
,,Jehu Rudeforth,New Zealand,Mint Chip Choco,13/9/2021,$98 ,212,6
,,Wilone O'Kielt,   UK,After Nines,13/9/2021,"$5,649 ",134,202
,,Ches Bonnell,   USA,Choco Coated Almonds,13/9/2021,"$2,870 ",278,180
,,Kaine Padly, New Zealand,Almond Choco,13/9/2021,"$4,151 ",184,219
,,Andria Kimpton,   Australia,Caramel Stuffed Bars,13/9/2021,"$3,962 ",64,159
,,Roddy Speechley,  New Zealand,Organic Choco Syrup,13/9/2021,"$7,119 ",41,238
,,Gunar Cockshoot, USA,Organic Choco Syrup,13/9/2021,"$1,393 ",42,52
,,Brien Boise,  UK,Peanut Butter Cubes,13/9/2021,"$9,506 ",98,414
,,Jan Morforth, Canada,99% Dark & Pure,13/9/2021,"$8,897 ",172,495
,,Husein Augar,  Australia,Choco Coated Almonds,13/9/2021,"$12,019 ",111,752
,,Marney O'Breen,  Australia,Spicy Special Slims,13/9/2021,"$12,439 ",160,622
,,Gigi Bohling,  India,Peanut Butter Cubes,13/9/2021,"$3,612 ",372,191
,,Roddy Speechley,  USA,99% Dark & Pure,13/9/2021,"$2,646 ",367,111
,,Andria Kimpton,  USA,Choco Coated Almonds,13/9/2021,$511 ,352,35
,,Curtice Advani,   New Zealand,Almond Choco,13/9/2021,"$4,207 ",7,192
,,Madelene Upcott, Canada,Fruit & Nut Bars,13/9/2021,"$10,290 ",79,606
,,Brien Boise, New Zealand,Drinking Coco,13/9/2021,"$6,069 ",287,264
,,Dennison Crosswaite,USA,Drinking Coco,14/9/2021,"$12,292 ",82,410
,,Kaine Padly,   New Zealand,Baker's Choco Chips,14/9/2021,"$3,794 ",235,475
,,Andria Kimpton,  UK,Drinking Coco,14/9/2021,"$16,793 ",34,700
,,Husein Augar,UK,50% Dark Bites,14/9/2021,"$5,327 ",103,381
,,Wilone O'Kielt,UK,Smooth Sliky Salty,14/9/2021,"$1,267 ",259,61
,,Beverie Moffet,New Zealand,Peanut Butter Cubes,14/9/2021,"$3,514 ",320,185
,,Wilone O'Kielt,   USA,Almond Choco,14/9/2021,"$10,157 ",59,535
,,Kaine Padly,  USA,Spicy Special Slims,14/9/2021,"$9,555 ",23,399
,,Husein Augar, USA,Raspberry Choco,14/9/2021,"$8,960 ",71,427
,,Madelene Upcott,  India,Spicy Special Slims,14/9/2021,$581 ,98,21
,,Beverie Moffet, USA,Fruit & Nut Bars,15/9/2021,$735 ,37,41
,,Madelene Upcott,Canada,Manuka Honey Choco,15/9/2021,"$7,084 ",59,284
,,Marney O'Breen,   UK,After Nines,15/9/2021,"$4,438 ",331,139
,,Dotty Strutley,  New Zealand,Fruit & Nut Bars,15/9/2021,"$9,646 ",153,603
,,Dotty Strutley, USA,Fruit & Nut Bars,15/9/2021,"$3,759 ",9,290
,,Oby Sorrel,  India,Eclairs,15/9/2021,$721 ,265,38
,,Gigi Bohling,   New Zealand,Orange Choco,15/9/2021,"$5,887 ",2,655
,,Jehu Rudeforth, India,Choco Coated Almonds,15/9/2021,"$7,924 ",41,496
,,Rafaelita Blaksland,  USA,99% Dark & Pure,15/9/2021,"$7,343 ",161,306
,,Oby Sorrel, New Zealand,Baker's Choco Chips,15/9/2021,$994 ,215,83
,,Husein Augar, India,Organic Choco Syrup,15/9/2021,"$1,568 ",278,66
,,Kaine Padly,  Australia,Mint Chip Choco,15/9/2021,$959 ,160,57
,,Madelene Upcott,UK,Baker's Choco Chips,15/9/2021,"$5,355 ",207,670
,,Wilone O'Kielt,   Australia,Fruit & Nut Bars,15/9/2021,"$12,915 ",160,1175
,,Oby Sorrel,India,Mint Chip Choco,16/9/2021,"$5,621 ",388,352
,,Van Tuxwell,   USA,Orange Choco,16/9/2021,"$5,089 ",94,364
,,Brien Boise,  New Zealand,Choco Coated Almonds,16/9/2021,"$13,993 ",83,737
,,Beverie Moffet,New Zealand,Organic Choco Syrup,16/9/2021,"$4,242 ",113,152
,,Van Tuxwell,  Canada,Orange Choco,16/9/2021,"$2,842 ",253,406
,,Wilone O'Kielt,   Australia,Drinking Coco,17/9/2021,"$8,862 ",342,370
,,Van Tuxwell,   USA,85% Dark Bars,17/9/2021,"$19,054 ",49,794
,,Brien Boise,  Canada,70% Dark Bites,17/9/2021,"$5,551 ",102,694
,,Marney O'Breen,UK,Mint Chip Choco,17/9/2021,"$1,946 ",176,93
,,Marney O'Breen,   UK,Choco Coated Almonds,17/9/2021,$966 ,32,44
,,Jan Morforth, UK,Milk Bars,17/9/2021,"$2,730 ",56,119
,,Dennison Crosswaite,   India,Drinking Coco,17/9/2021,"$10,010 ",257,358
,,Gunar Cockshoot,   Canada,Raspberry Choco,17/9/2021,"$4,529 ",126,302
,,Karlen McCaffrey,  India,70% Dark Bites,17/9/2021,"$9,891 ",105,660
,,Madelene Upcott,  Canada,Caramel Stuffed Bars,17/9/2021,"$2,275 ",115,99
,,Mallorie Waber, Australia,Caramel Stuffed Bars,20/9/2021,"$3,241 ",178,116
,,Dennison Crosswaite,UK,70% Dark Bites,20/9/2021,$917 ,667,66
,,Gigi Bohling,  New Zealand,99% Dark & Pure,20/9/2021,"$3,913 ",219,245
,,Roddy Speechley,UK,Caramel Stuffed Bars,21/9/2021,"$1,792 ",94,75
,,Jehu Rudeforth,   Australia,Smooth Sliky Salty,21/9/2021,"$5,761 ",224,339
,,Jehu Rudeforth, Australia,Manuka Honey Choco,21/9/2021,"$5,327 ",14,214
,,Ches Bonnell,  India,85% Dark Bars,21/9/2021,"$1,519 ",181,95
,,Oby Sorrel,   USA,85% Dark Bars,21/9/2021,"$11,326 ",110,515
,,Jehu Rudeforth,  UK,Raspberry Choco,21/9/2021,"$7,252 ",223,427
,,Mallorie Waber,   Australia,Manuka Honey Choco,21/9/2021,"$12,929 ",20,418
,,Gunar Cockshoot, Canada,Orange Choco,21/9/2021,"$2,996 ",18,428
,,Brien Boise, India,White Choc,21/9/2021,"$1,239 ",112,89
,,Beverie Moffet,   New Zealand,Raspberry Choco,21/9/2021,"$9,128 ",179,481
,,Jan Morforth,   New Zealand,Eclairs,21/9/2021,"$4,137 ",107,319
,,Kaine Padly, Australia,Peanut Butter Cubes,21/9/2021,"$6,482 ",12,260
,,Husein Augar,India,Drinking Coco,21/9/2021,"$1,393 ",213,50
,,Dotty Strutley,New Zealand,99% Dark & Pure,21/9/2021,"$11,627 ",96,727
,,Gunar Cockshoot,  Australia,Orange Choco,22/9/2021,"$3,080 ",97,257
,,Gigi Bohling, USA,70% Dark Bites,22/9/2021,"$12,180 ",271,812
,,Beverie Moffet, UK,Manuka Honey Choco,22/9/2021,$462 ,11,16
,,Beverie Moffet,UK,50% Dark Bites,22/9/2021,"$1,498 ",128,107
,,Barr Faughny,New Zealand,Smooth Sliky Salty,23/9/2021,"$1,589 ",65,89
,,Jehu Rudeforth,Canada,Peanut Butter Cubes,23/9/2021,"$2,184 ",84,95
,,Brien Boise,Canada,85% Dark Bars,23/9/2021,"$3,073 ",3,129
,,Rafaelita Blaksland,India,Drinking Coco,23/9/2021,"$16,513 ",93,551
,,Kaine Padly,  Canada,85% Dark Bars,23/9/2021,"$2,051 ",16,90
,,Beverie Moffet,   India,70% Dark Bites,23/9/2021,"$11,109 ",305,1111
,,Gigi Bohling, Australia,Almond Choco,23/9/2021,$574 ,360,25
,,Barr Faughny,   Canada,After Nines,24/9/2021,"$7,532 ",131,314
,,Brien Boise,   Canada,Fruit & Nut Bars,24/9/2021,$504 ,170,51
,,Jehu Rudeforth, USA,White Choc,24/9/2021,"$12,642 ",194,1054
,,Husein Augar,USA,Drinking Coco,24/9/2021,"$2,569 ",80,92
,,Karlen McCaffrey, Canada,After Nines,24/9/2021,$476 ,24,16
,,Gunar Cockshoot,Australia,85% Dark Bars,24/9/2021,"$9,884 ",77,430
,,Wilone O'Kielt, Australia,After Nines,24/9/2021,"$3,731 ",18,150
,,Gigi Bohling,Australia,Caramel Stuffed Bars,24/9/2021,"$6,727 ",194,293
,,Beverie Moffet,  USA,Drinking Coco,24/9/2021,"$1,869 ",378,67
,,Gigi Bohling, UK,Organic Choco Syrup,24/9/2021,"$3,262 ",192,142
,,Van Tuxwell,USA,Drinking Coco,24/9/2021,"$8,057 ",301,299
,,Jehu Rudeforth,   Australia,Peanut Butter Cubes,24/9/2021,$91 ,78,5
,,Beverie Moffet, India,Spicy Special Slims,24/9/2021,"$3,122 ",208,131
,,Beverie Moffet,Australia,Raspberry Choco,24/9/2021,"$5,033 ",97,360
,,Kelci Walkden,  Australia,70% Dark Bites,24/9/2021,"$2,184 ",199,182
,,Madelene Upcott,Canada,Raspberry Choco,24/9/2021,$721 ,182,41
,,Rafaelita Blaksland,Australia,Baker's Choco Chips,24/9/2021,"$5,061 ",217,390
,,Madelene Upcott,  New Zealand,White Choc,27/9/2021,"$12,152 ",26,1105
,,Beverie Moffet,  Australia,Fruit & Nut Bars,27/9/2021,"$15,526 ",47,1195
,,Barr Faughny, India,After Nines,27/9/2021,"$14,525 ",60,581
,,Madelene Upcott,India,Raspberry Choco,27/9/2021,"$2,485 ",98,131
,,Brien Boise,UK,Milk Bars,27/9/2021,"$7,091 ",253,245
,,Dennison Crosswaite,   USA,50% Dark Bites,27/9/2021,"$6,846 ",647,428
,,Mallorie Waber, USA,Caramel Stuffed Bars,27/9/2021,"$1,204 ",273,49
,,Roddy Speechley, UK,Smooth Sliky Salty,27/9/2021,"$1,883 ",83,111
,,Jan Morforth,   Australia,Choco Coated Almonds,27/9/2021,"$2,723 ",194,144
,,Dotty Strutley,   UK,Manuka Honey Choco,27/9/2021,"$7,196 ",104,219
,,Rafaelita Blaksland,UK,Raspberry Choco,27/9/2021,"$1,078 ",307,49
,,Marney O'Breen,  Canada,Eclairs,28/9/2021,"$4,998 ",67,385
,,Gunar Cockshoot, India,70% Dark Bites,28/9/2021,"$8,127 ",206,581
,,Camilla Castle,   India,Caramel Stuffed Bars,28/9/2021,"$6,006 ",202,273
,,Oby Sorrel,  Australia,Organic Choco Syrup,28/9/2021,"$13,349 ",208,431
,,Andria Kimpton,Australia,Raspberry Choco,28/9/2021,$994 ,42,50
,,Husein Augar,New Zealand,Raspberry Choco,28/9/2021,"$6,160 ",163,363
,,Husein Augar,USA,Spicy Special Slims,28/9/2021,"$2,569 ",210,108
,,Marney O'Breen,   Australia,Fruit & Nut Bars,28/9/2021,"$3,206 ",473,321
,,Dotty Strutley, Canada,70% Dark Bites,29/9/2021,$665 ,112,52
,,Rafaelita Blaksland, India,Almond Choco,29/9/2021,$427 ,16,26
,,Gunar Cockshoot, USA,Spicy Special Slims,29/9/2021,"$5,166 ",83,216
,,Van Tuxwell,   New Zealand,Baker's Choco Chips,29/9/2021,"$8,603 ",93,574
,,Mallorie Waber,  Australia,Organic Choco Syrup,29/9/2021,"$1,904 ",205,71
,,Brien Boise,  Australia,Almond Choco,29/9/2021,"$3,766 ",252,210
,,Camilla Castle,  India,White Choc,29/9/2021,"$1,337 ",17,134
,,Roddy Speechley,  UK,Mint Chip Choco,29/9/2021,"$12,775 ",347,913
,,Madelene Upcott, Canada,50% Dark Bites,29/9/2021,"$7,812 ",40,601
,,Dotty Strutley,  India,Almond Choco,29/9/2021,"$3,976 ",199,249
,,Kelci Walkden,Australia,After Nines,29/9/2021,"$13,083 ",337,437
,,Jan Morforth,Canada,Caramel Stuffed Bars,29/9/2021,"$4,487 ",18,187
,,Mallorie Waber, UK,Choco Coated Almonds,29/9/2021,"$5,313 ",96,253
,,Curtice Advani,Australia,Caramel Stuffed Bars,29/9/2021,"$2,163 ",195,91
,,Oby Sorrel,New Zealand,Milk Bars,29/9/2021,"$4,830 ",29,173
,,Curtice Advani,Australia,Drinking Coco,29/9/2021,"$7,959 ",59,295
,,Curtice Advani,  USA,Orange Choco,29/9/2021,"$4,067 ",14,452
,,Jan Morforth, New Zealand,Orange Choco,29/9/2021,"$1,120 ",21,80
,,Brien Boise,  Australia,Fruit & Nut Bars,29/9/2021,"$10,829 ",30,722
,,Beverie Moffet, New Zealand,Orange Choco,29/9/2021,"$5,068 ",183,724
,,Gunar Cockshoot,New Zealand,Smooth Sliky Salty,29/9/2021,"$9,156 ",88,436
,,Marney O'Breen,   New Zealand,Organic Choco Syrup,30/9/2021,"$6,944 ",227,240
,,Kaine Padly,   New Zealand,White Choc,30/9/2021,"$2,870 ",152,169
,,Beverie Moffet,   India,Smooth Sliky Salty,30/9/2021,"$4,403 ",145,210
,,Madelene Upcott,  Australia,Eclairs,30/9/2021,"$4,312 ",100,240
,,Dotty Strutley, India,After Nines,1/10/2021,"$1,050 ",49,33
,,Camilla Castle, Australia,Raspberry Choco,1/10/2021,"$1,890 ",84,119
,,Marney O'Breen,  USA,70% Dark Bites,1/10/2021,"$5,348 ",170,764
,,Gigi Bohling,  Australia,Spicy Special Slims,1/10/2021,"$11,214 ",140,534
,,Van Tuxwell, Canada,Spicy Special Slims,1/10/2021,"$1,113 ",196,49
,,Kaine Padly, New Zealand,Drinking Coco,1/10/2021,"$2,268 ",196,88
,,Rafaelita Blaksland,India,Fruit & Nut Bars,1/10/2021,"$6,419 ",141,378
,,Kelci Walkden,  USA,Fruit & Nut Bars,1/10/2021,"$7,539 ",162,419
,,Kaine Padly, Canada,99% Dark & Pure,1/10/2021,"$9,520 ",87,414
,,Wilone O'Kielt, UK,Fruit & Nut Bars,1/10/2021,"$6,209 ",262,518
,,Kaine Padly,   UK,Almond Choco,1/10/2021,"$1,652 ",271,92
,,Mallorie Waber, Canada,Caramel Stuffed Bars,1/10/2021,"$6,657 ",179,278
,,Jan Morforth,   Australia,Peanut Butter Cubes,1/10/2021,"$12,460 ",127,656
,,Gunar Cockshoot,Canada,85% Dark Bars,1/10/2021,"$9,548 ",365,455
,,Jan Morforth, India,Organic Choco Syrup,1/10/2021,"$8,176 ",204,356
,,Mallorie Waber,USA,Mint Chip Choco,1/10/2021,"$7,903 ",260,465
,,Wilone O'Kielt,   India,99% Dark & Pure,1/10/2021,"$4,473 ",396,224
,,Camilla Castle,   USA,Organic Choco Syrup,1/10/2021,"$4,536 ",337,175
,,Curtice Advani,  New Zealand,Baker's Choco Chips,4/10/2021,"$3,962 ",21,397
,,Mallorie Waber,  UK,70% Dark Bites,4/10/2021,"$21,588 ",74,1440
,,Barr Faughny,New Zealand,Manuka Honey Choco,4/10/2021,"$16,394 ",115,547
,,Kelci Walkden, India,Drinking Coco,4/10/2021,"$3,101 ",115,115
,,Dotty Strutley,  India,Manuka Honey Choco,4/10/2021,"$4,039 ",16,131
,,Roddy Speechley, New Zealand,Peanut Butter Cubes,5/10/2021,"$2,975 ",248,124
,,Madelene Upcott,New Zealand,Baker's Choco Chips,5/10/2021,"$5,320 ",163,532
,,Marney O'Breen,India,85% Dark Bars,5/10/2021,$287 ,190,16
,,Rafaelita Blaksland, India,Caramel Stuffed Bars,5/10/2021,"$6,902 ",37,277
,,Camilla Castle,  Canada,Organic Choco Syrup,5/10/2021,"$5,726 ",438,230
,,Dotty Strutley, New Zealand,Baker's Choco Chips,5/10/2021,"$1,512 ",80,168
,,Van Tuxwell,USA,Manuka Honey Choco,5/10/2021,"$5,845 ",114,183
,,Barr Faughny,India,Manuka Honey Choco,5/10/2021,"$3,038 ",8,98
,,Curtice Advani,New Zealand,Peanut Butter Cubes,5/10/2021,"$1,085 ",197,44
,,Madelene Upcott,   USA,White Choc,5/10/2021,"$1,029 ",306,86
,,Kelci Walkden,   USA,Spicy Special Slims,5/10/2021,"$10,038 ",14,457
,,Wilone O'Kielt,   Canada,85% Dark Bars,5/10/2021,"$10,843 ",65,493
,,Madelene Upcott, Australia,Choco Coated Almonds,6/10/2021,"$3,101 ",526,141
,,Camilla Castle,  Australia,Peanut Butter Cubes,6/10/2021,"$1,162 ",265,56
,,Curtice Advani, UK,After Nines,6/10/2021,"$3,885 ",168,126
,,Roddy Speechley, Australia,After Nines,6/10/2021,"$8,960 ",85,299
,,Dennison Crosswaite,  India,Smooth Sliky Salty,6/10/2021,"$6,902 ",46,406
,,Kelci Walkden,USA,Baker's Choco Chips,6/10/2021,"$4,830 ",215,440
,,Kelci Walkden,   USA,Drinking Coco,6/10/2021,"$1,792 ",36,75
,,Karlen McCaffrey, USA,50% Dark Bites,6/10/2021,"$18,165 ",50,1514
,,Mallorie Waber,  UK,Mint Chip Choco,6/10/2021,"$5,152 ",142,322
,,Gunar Cockshoot,   UK,70% Dark Bites,6/10/2021,$812 ,314,74
,,Andria Kimpton,  UK,Orange Choco,7/10/2021,"$1,918 ",154,137
,,Van Tuxwell, New Zealand,99% Dark & Pure,7/10/2021,"$4,879 ",82,287
,,Oby Sorrel, UK,85% Dark Bars,7/10/2021,"$4,788 ",264,252
,,Jan Morforth,   USA,After Nines,7/10/2021,"$6,860 ",280,229
,,Kelci Walkden,   USA,Mint Chip Choco,7/10/2021,"$6,461 ",238,404
,,Mallorie Waber,   USA,99% Dark & Pure,7/10/2021,$77 ,61,5
,,Marney O'Breen,  Canada,Peanut Butter Cubes,8/10/2021,"$1,358 ",459,76
,,Barr Faughny, New Zealand,Spicy Special Slims,8/10/2021,"$9,373 ",203,361
,,Marney O'Breen,  Australia,85% Dark Bars,8/10/2021,"$2,968 ",42,186
,,Beverie Moffet,  USA,Milk Bars,8/10/2021,"$6,111 ",79,266
,,Kelci Walkden,  Canada,Spicy Special Slims,8/10/2021,"$13,251 ",290,631
,,Camilla Castle, New Zealand,White Choc,8/10/2021,"$8,085 ",185,674
,,Barr Faughny,UK,Drinking Coco,8/10/2021,"$15,022 ",299,626
,,Roddy Speechley,Canada,Almond Choco,8/10/2021,"$3,003 ",11,131
,,Brien Boise,   Australia,White Choc,8/10/2021,"$7,602 ",229,845
,,Roddy Speechley,Canada,Manuka Honey Choco,8/10/2021,"$4,368 ",23,151
,,Kaine Padly, USA,Fruit & Nut Bars,8/10/2021,"$3,577 ",2,224
,,Curtice Advani,USA,70% Dark Bites,8/10/2021,"$2,590 ",300,200
,,Gigi Bohling, India,Mint Chip Choco,8/10/2021,$931 ,43,72
,,Ches Bonnell, USA,Milk Bars,8/10/2021,"$8,750 ",207,283
,,Andria Kimpton,New Zealand,85% Dark Bars,8/10/2021,"$1,960 ",170,104
,,Gigi Bohling,New Zealand,Peanut Butter Cubes,8/10/2021,"$7,252 ",189,363
,,Barr Faughny,   Canada,Raspberry Choco,8/10/2021,"$9,933 ",69,552
,,Mallorie Waber,  USA,Peanut Butter Cubes,11/10/2021,"$7,434 ",267,413
,,Dennison Crosswaite, USA,Almond Choco,11/10/2021,"$9,275 ",451,442
,,Gigi Bohling,Canada,After Nines,11/10/2021,"$1,274 ",246,51
,,Dennison Crosswaite,UK,Fruit & Nut Bars,11/10/2021,"$9,737 ",298,650
,,Jan Morforth, New Zealand,Baker's Choco Chips,11/10/2021,"$2,569 ",153,257
,,Camilla Castle,  UK,Eclairs,11/10/2021,"$14,959 ",299,713
,,Barr Faughny, USA,Peanut Butter Cubes,11/10/2021,"$8,939 ",38,389
,,Rafaelita Blaksland,India,Spicy Special Slims,11/10/2021,"$2,688 ",179,108
,,Jan Morforth,   New Zealand,Smooth Sliky Salty,11/10/2021,"$3,675 ",178,217
,,Jan Morforth,  Canada,Drinking Coco,11/10/2021,"$10,738 ",256,430
,,Curtice Advani,   Canada,Peanut Butter Cubes,11/10/2021,$812 ,109,41
,,Husein Augar,  Australia,Almond Choco,11/10/2021,"$10,612 ",54,590
,,Brien Boise,  Australia,Spicy Special Slims,11/10/2021,"$3,822 ",280,160
,,Gunar Cockshoot, USA,Almond Choco,11/10/2021,"$1,463 ",195,67
,,Ches Bonnell,   Canada,Organic Choco Syrup,11/10/2021,"$3,262 ",350,126
,,Mallorie Waber,USA,70% Dark Bites,11/10/2021,$217 ,55,17
,,Curtice Advani,  India,Organic Choco Syrup,11/10/2021,"$5,600 ",50,187
,,Curtice Advani, Australia,Spicy Special Slims,11/10/2021,"$1,120 ",121,56
,,Beverie Moffet,   Australia,Milk Bars,11/10/2021,$294 ,20,11
,,Jehu Rudeforth, Australia,Eclairs,12/10/2021,"$5,663 ",231,334
,,Van Tuxwell,Australia,Organic Choco Syrup,12/10/2021,"$10,689 ",83,428
,,Beverie Moffet, India,Caramel Stuffed Bars,12/10/2021,$70 ,197,3
,,Oby Sorrel,  New Zealand,Spicy Special Slims,12/10/2021,"$9,093 ",45,379
,,Dotty Strutley,   Canada,Spicy Special Slims,12/10/2021,"$14,238 ",193,594
,,Kaine Padly,   Australia,Drinking Coco,12/10/2021,"$2,408 ",103,84
,,Marney O'Breen,  New Zealand,Drinking Coco,12/10/2021,$203 ,158,8
,,Dennison Crosswaite,UK,Milk Bars,12/10/2021,"$2,359 ",163,99
,,Jehu Rudeforth, Canada,Spicy Special Slims,12/10/2021,"$6,650 ",42,247
,,Jehu Rudeforth,   New Zealand,Smooth Sliky Salty,12/10/2021,"$5,845 ",25,390
,,Dotty Strutley, USA,Milk Bars,12/10/2021,"$3,206 ",179,124
,,Van Tuxwell,  Canada,Almond Choco,12/10/2021,"$2,632 ",241,155
,,Kelci Walkden, Canada,Eclairs,12/10/2021,"$6,895 ",148,406
,,Brien Boise,  Australia,70% Dark Bites,12/10/2021,$140 ,419,20
,,Madelene Upcott,   UK,Caramel Stuffed Bars,13/10/2021,"$2,107 ",143,82
,,Barr Faughny,  Canada,Smooth Sliky Salty,13/10/2021,"$10,136 ",47,676
,,Kelci Walkden, New Zealand,50% Dark Bites,13/10/2021,"$15,722 ",73,1966
,,Ches Bonnell,Canada,Caramel Stuffed Bars,13/10/2021,"$1,323 ",288,49
,,Kelci Walkden,   USA,50% Dark Bites,13/10/2021,"$4,767 ",5,398
,,Jehu Rudeforth,India,Orange Choco,13/10/2021,"$20,825 ",258,2314
,,Camilla Castle, UK,Fruit & Nut Bars,13/10/2021,"$4,627 ",300,331
,,Karlen McCaffrey,   New Zealand,Manuka Honey Choco,14/10/2021,"$4,095 ",2,158
,,Beverie Moffet, New Zealand,Fruit & Nut Bars,14/10/2021,"$8,365 ",98,761
,,Ches Bonnell,Canada,Peanut Butter Cubes,14/10/2021,"$4,193 ",123,210
,,Gigi Bohling, Australia,Manuka Honey Choco,14/10/2021,"$5,754 ",335,206
,,Barr Faughny,  UK,70% Dark Bites,14/10/2021,"$9,093 ",211,827
,,Karlen McCaffrey, USA,Organic Choco Syrup,14/10/2021,"$3,675 ",342,154
,,Gunar Cockshoot,  New Zealand,99% Dark & Pure,15/10/2021,"$2,555 ",74,135
,,Jehu Rudeforth,USA,70% Dark Bites,15/10/2021,"$1,071 ",205,134
,,Mallorie Waber,  USA,Organic Choco Syrup,15/10/2021,"$3,612 ",191,145
,,Dotty Strutley,USA,Baker's Choco Chips,15/10/2021,"$1,540 ",229,97
,,Barr Faughny,   UK,After Nines,15/10/2021,"$6,790 ",235,262
,,Van Tuxwell, New Zealand,Drinking Coco,18/10/2021,"$9,863 ",165,353
,,Oby Sorrel, Australia,Smooth Sliky Salty,18/10/2021,"$1,106 ",160,74
,,Barr Faughny,Australia,Caramel Stuffed Bars,18/10/2021,"$3,129 ",299,105
,,Dotty Strutley,Australia,85% Dark Bars,18/10/2021,"$7,077 ",136,373
,,Gigi Bohling, Australia,50% Dark Bites,18/10/2021,$392 ,51,27
,,Kaine Padly,   India,Manuka Honey Choco,18/10/2021,"$7,952 ",194,319
,,Dennison Crosswaite,  UK,Peanut Butter Cubes,18/10/2021,"$10,703 ",166,487
,,Brien Boise,India,Choco Coated Almonds,18/10/2021,"$9,660 ",132,440
,,Husein Augar, India,Smooth Sliky Salty,18/10/2021,"$3,808 ",191,293
,,Madelene Upcott, USA,Fruit & Nut Bars,18/10/2021,"$4,060 ",353,313
,,Barr Faughny,   New Zealand,Choco Coated Almonds,18/10/2021,"$12,236 ",42,816
,,Marney O'Breen,UK,Drinking Coco,19/10/2021,$959 ,16,44
,,Dotty Strutley, UK,50% Dark Bites,19/10/2021,"$2,114 ",100,193
,,Wilone O'Kielt,   Canada,Caramel Stuffed Bars,19/10/2021,"$1,743 ",9,61
,,Beverie Moffet,  UK,Orange Choco,19/10/2021,"$9,044 ",214,823
,,Karlen McCaffrey,Australia,70% Dark Bites,19/10/2021,"$9,506 ",137,951
,,Roddy Speechley,  Australia,85% Dark Bars,19/10/2021,"$6,608 ",79,276
,,Jehu Rudeforth,   USA,Raspberry Choco,19/10/2021,"$1,799 ",19,90
,,Madelene Upcott,  Australia,Fruit & Nut Bars,19/10/2021,"$5,425 ",18,453
,,Barr Faughny,  New Zealand,Orange Choco,19/10/2021,"$5,292 ",170,441
,,Brien Boise, UK,White Choc,19/10/2021,"$2,352 ",155,168
,,Roddy Speechley, Australia,Manuka Honey Choco,19/10/2021,"$5,236 ",496,202
,,Rafaelita Blaksland,UK,Organic Choco Syrup,19/10/2021,"$4,354 ",50,146
,,Rafaelita Blaksland,  USA,Eclairs,19/10/2021,"$7,133 ",51,376
,,Van Tuxwell,   India,70% Dark Bites,19/10/2021,"$3,066 ",253,256
,,Jehu Rudeforth,   Canada,After Nines,19/10/2021,"$15,932 ",292,498
,,Dennison Crosswaite,  New Zealand,Almond Choco,19/10/2021,"$3,836 ",244,214
,,Curtice Advani,  India,Raspberry Choco,19/10/2021,"$2,149 ",49,127
,,Curtice Advani,  USA,Manuka Honey Choco,19/10/2021,"$1,043 ",23,42
,,Andria Kimpton,   Canada,Caramel Stuffed Bars,19/10/2021,"$3,087 ",188,119
,,Kaine Padly,UK,Mint Chip Choco,19/10/2021,$994 ,60,53
,,Gigi Bohling,   Australia,Choco Coated Almonds,19/10/2021,"$7,819 ",186,489
,,Ches Bonnell, USA,Spicy Special Slims,19/10/2021,"$5,222 ",32,194
,,Gigi Bohling,   New Zealand,Baker's Choco Chips,19/10/2021,"$11,102 ",59,694
,,Van Tuxwell,   India,Smooth Sliky Salty,19/10/2021,$574 ,40,29
,,Dotty Strutley,Australia,Eclairs,19/10/2021,"$19,824 ",45,1167
,,Camilla Castle,  Canada,Almond Choco,19/10/2021,$343 ,27,17
,,Dennison Crosswaite,USA,70% Dark Bites,20/10/2021,"$7,637 ",231,1091
,,Gunar Cockshoot,  UK,Drinking Coco,20/10/2021,"$3,745 ",84,130
,,Andria Kimpton, Australia,Drinking Coco,20/10/2021,"$8,253 ",74,331
,,Curtice Advani, Canada,White Choc,20/10/2021,$266 ,303,19
,,Kelci Walkden,   Canada,White Choc,20/10/2021,"$6,153 ",214,684
,,Husein Augar,  Australia,50% Dark Bites,20/10/2021,"$1,253 ",24,90
,,Kelci Walkden,UK,After Nines,20/10/2021,"$3,752 ",284,122
,,Brien Boise, USA,99% Dark & Pure,21/10/2021,"$5,145 ",170,286
,,Brien Boise,  Canada,99% Dark & Pure,21/10/2021,"$2,156 ",72,90
,,Beverie Moffet,   Canada,Orange Choco,21/10/2021,"$1,288 ",348,108
,,Marney O'Breen,   New Zealand,70% Dark Bites,21/10/2021,"$2,233 ",162,224
,,Beverie Moffet,  Australia,Smooth Sliky Salty,21/10/2021,"$2,156 ",292,154
,,Oby Sorrel,   USA,Smooth Sliky Salty,21/10/2021,"$9,870 ",241,581
,,Jan Morforth,   USA,Fruit & Nut Bars,21/10/2021,"$9,016 ",17,564
,,Curtice Advani,   Australia,Choco Coated Almonds,21/10/2021,"$6,482 ",257,342
,,Brien Boise, Australia,Orange Choco,21/10/2021,"$8,295 ",405,1383
,,Camilla Castle, India,Spicy Special Slims,21/10/2021,"$4,830 ",154,202
,,Barr Faughny,  New Zealand,50% Dark Bites,21/10/2021,"$4,025 ",152,288
,,Husein Augar, Canada,Orange Choco,21/10/2021,"$1,309 ",421,94
,,Beverie Moffet,   India,Eclairs,21/10/2021,"$4,970 ",17,277
,,Jan Morforth,   New Zealand,Mint Chip Choco,21/10/2021,"$4,130 ",61,207
,,Jan Morforth, India,99% Dark & Pure,21/10/2021,"$4,739 ",180,226
,,Gunar Cockshoot,India,99% Dark & Pure,22/10/2021,"$13,545 ",69,847
,,Brien Boise,Canada,Spicy Special Slims,22/10/2021,"$6,615 ",473,331
,,Brien Boise,Canada,Raspberry Choco,22/10/2021,"$10,101 ",287,481
,,Camilla Castle,USA,Eclairs,22/10/2021,$539 ,44,34
,,Gunar Cockshoot,New Zealand,Eclairs,22/10/2021,"$4,795 ",227,343
,,Marney O'Breen, Canada,Fruit & Nut Bars,22/10/2021,$833 ,40,65
,,Dennison Crosswaite,   USA,Spicy Special Slims,22/10/2021,"$2,359 ",35,91
,,Husein Augar,  India,Raspberry Choco,22/10/2021,"$1,484 ",75,93
,,Marney O'Breen,  New Zealand,After Nines,22/10/2021,"$14,378 ",150,533
,,Camilla Castle,   USA,Almond Choco,22/10/2021,"$11,039 ",87,614
,,Camilla Castle,Australia,Choco Coated Almonds,22/10/2021,"$1,218 ",310,77
,,Oby Sorrel,   India,Peanut Butter Cubes,22/10/2021,"$5,117 ",149,214
,,Dotty Strutley,UK,Peanut Butter Cubes,22/10/2021,$469 ,359,25
,,Gigi Bohling,   New Zealand,Eclairs,22/10/2021,"$1,806 ",8,113
,,Rafaelita Blaksland,UK,After Nines,22/10/2021,"$4,739 ",90,149
,,Gunar Cockshoot,   UK,Fruit & Nut Bars,25/10/2021,"$4,053 ",131,271
,,Beverie Moffet, Australia,Organic Choco Syrup,25/10/2021,"$3,353 ",245,112
,,Curtice Advani,New Zealand,White Choc,25/10/2021,"$10,080 ",179,1008
,,Jan Morforth,Australia,Milk Bars,25/10/2021,"$3,367 ",6,117
,,Barr Faughny,   Australia,Eclairs,25/10/2021,"$4,011 ",65,236
,,Gunar Cockshoot,  Canada,Almond Choco,25/10/2021,"$22,715 ",16,1420
,,Gunar Cockshoot,  Australia,Almond Choco,25/10/2021,"$2,583 ",193,152
,,Marney O'Breen,UK,99% Dark & Pure,25/10/2021,"$12,537 ",243,738
,,Wilone O'Kielt,Australia,Smooth Sliky Salty,25/10/2021,"$6,587 ",170,330
,,Beverie Moffet,   USA,70% Dark Bites,25/10/2021,$56 ,123,6
,,Karlen McCaffrey, Australia,Mint Chip Choco,25/10/2021,"$5,124 ",206,285
,,Roddy Speechley,   USA,Raspberry Choco,25/10/2021,"$4,970 ",182,311
,,Karlen McCaffrey,   New Zealand,White Choc,25/10/2021,$952 ,401,74
,,Kaine Padly,India,Organic Choco Syrup,25/10/2021,"$8,365 ",60,349
,,Mallorie Waber,  Australia,Orange Choco,25/10/2021,"$7,217 ",219,722
,,Jan Morforth, UK,Baker's Choco Chips,25/10/2021,"$8,022 ",389,502
,,Jehu Rudeforth,  India,Raspberry Choco,25/10/2021,"$3,360 ",3,198
,,Kaine Padly,Canada,Mint Chip Choco,26/10/2021,"$9,975 ",65,768
,,Beverie Moffet,USA,Smooth Sliky Salty,26/10/2021,"$6,174 ",184,441
,,Gigi Bohling,   Canada,Mint Chip Choco,26/10/2021,"$2,485 ",234,125
,,Curtice Advani,   New Zealand,Organic Choco Syrup,26/10/2021,"$9,604 ",49,343
,,Camilla Castle, Australia,Fruit & Nut Bars,26/10/2021,"$1,274 ",209,116
,,Kaine Padly,   India,White Choc,26/10/2021,"$6,916 ",350,692
,,Madelene Upcott,   India,Mint Chip Choco,26/10/2021,"$10,682 ",8,629
,,Dennison Crosswaite, UK,Choco Coated Almonds,26/10/2021,"$2,023 ",240,145
,,Oby Sorrel,   UK,Smooth Sliky Salty,26/10/2021,"$6,034 ",224,355
,,Jan Morforth,  USA,Baker's Choco Chips,26/10/2021,$602 ,107,67
,,Barr Faughny,  USA,Eclairs,26/10/2021,"$3,864 ",80,298
,,Beverie Moffet,India,99% Dark & Pure,26/10/2021,"$8,057 ",2,504
,,Kelci Walkden,UK,Manuka Honey Choco,26/10/2021,"$14,000 ",183,438
,,Roddy Speechley,   New Zealand,50% Dark Bites,26/10/2021,"$7,749 ",75,775
,,Van Tuxwell, UK,Mint Chip Choco,26/10/2021,$280 ,378,19
,,Kaine Padly,India,Smooth Sliky Salty,26/10/2021,$623 ,102,30
,,Van Tuxwell,   India,Caramel Stuffed Bars,27/10/2021,"$6,629 ",401,277
,,Karlen McCaffrey, Australia,85% Dark Bars,27/10/2021,"$8,393 ",100,365
,,Jehu Rudeforth,USA,Spicy Special Slims,27/10/2021,"$9,646 ",528,420
,,Mallorie Waber,India,70% Dark Bites,27/10/2021,"$8,792 ",27,1256
,,Gunar Cockshoot,  Canada,Fruit & Nut Bars,27/10/2021,"$7,623 ",96,693
,,Camilla Castle, UK,After Nines,27/10/2021,"$5,600 ",176,187
,,Karlen McCaffrey,  UK,70% Dark Bites,27/10/2021,"$6,076 ",59,868
,,Madelene Upcott,USA,Raspberry Choco,27/10/2021,"$10,269 ",32,514
,,Dotty Strutley,Canada,Raspberry Choco,27/10/2021,"$4,144 ",177,189
,,Mallorie Waber, Canada,Eclairs,27/10/2021,"$11,795 ",86,562
,,Jehu Rudeforth, Australia,After Nines,27/10/2021,"$1,519 ",76,57
,,Mallorie Waber,   New Zealand,Eclairs,27/10/2021,"$2,121 ",388,152
,,Oby Sorrel,  USA,99% Dark & Pure,27/10/2021,"$2,758 ",30,173
,,Karlen McCaffrey,Canada,99% Dark & Pure,28/10/2021,"$1,519 ",231,90
,,Mallorie Waber,   USA,Baker's Choco Chips,28/10/2021,"$7,427 ",10,676
,,Oby Sorrel,   UK,Drinking Coco,28/10/2021,"$6,650 ",22,247
,,Brien Boise,UK,Orange Choco,28/10/2021,"$2,520 ",351,194
,,Jan Morforth, Canada,70% Dark Bites,28/10/2021,"$3,010 ",171,232
,,Rafaelita Blaksland,  UK,Smooth Sliky Salty,28/10/2021,"$9,289 ",204,517
,,Kelci Walkden, UK,85% Dark Bars,28/10/2021,"$3,556 ",232,149
,,Husein Augar,Australia,Caramel Stuffed Bars,28/10/2021,"$2,639 ",23,91
,,Oby Sorrel,   USA,Raspberry Choco,28/10/2021,"$1,764 ",204,89
,,Jan Morforth,   Canada,Peanut Butter Cubes,28/10/2021,"$15,190 ",66,691
,,Rafaelita Blaksland,  Canada,99% Dark & Pure,28/10/2021,"$6,209 ",79,389
,,Gunar Cockshoot,New Zealand,Drinking Coco,28/10/2021,"$7,028 ",131,282
,,Brien Boise,  Canada,Smooth Sliky Salty,29/10/2021,"$9,268 ",46,618
,,Dennison Crosswaite,  New Zealand,Peanut Butter Cubes,29/10/2021,"$6,293 ",157,243
,,Kaine Padly,   UK,Orange Choco,29/10/2021,"$3,031 ",265,337
,,Van Tuxwell,   Australia,After Nines,29/10/2021,"$2,583 ",127,100
,,Dotty Strutley,UK,Choco Coated Almonds,29/10/2021,"$3,850 ",8,214
,,Roddy Speechley,   New Zealand,Orange Choco,29/10/2021,"$17,780 ",68,1368
,,Camilla Castle,  Canada,Caramel Stuffed Bars,29/10/2021,"$6,153 ",138,280
,,Madelene Upcott,Canada,Drinking Coco,29/10/2021,"$3,514 ",221,147
,,Barr Faughny,   USA,Baker's Choco Chips,29/10/2021,"$1,652 ",205,128
,,Brien Boise,New Zealand,Fruit & Nut Bars,29/10/2021,"$6,769 ",464,484
,,Marney O'Breen,  UK,Milk Bars,29/10/2021,"$4,494 ",356,150
,,Roddy Speechley,Australia,Baker's Choco Chips,1/11/2021,"$3,199 ",212,267
,,Brien Boise, Australia,Choco Coated Almonds,1/11/2021,"$11,508 ",141,822
,,Van Tuxwell,New Zealand,Orange Choco,1/11/2021,"$5,712 ",332,476
,,Barr Faughny,   India,Mint Chip Choco,1/11/2021,"$14,462 ",532,804
,,Husein Augar,   New Zealand,Milk Bars,1/11/2021,"$8,099 ",11,312
,,Marney O'Breen,Canada,Raspberry Choco,1/11/2021,$700 ,76,34
,,Rafaelita Blaksland,   New Zealand,50% Dark Bites,1/11/2021,"$3,066 ",97,384
,,Gigi Bohling,   USA,Eclairs,1/11/2021,"$14,406 ",267,901
,,Andria Kimpton,   USA,85% Dark Bars,1/11/2021,"$7,224 ",265,425
,,Camilla Castle, India,Manuka Honey Choco,1/11/2021,"$6,762 ",102,212
,,Van Tuxwell, Australia,70% Dark Bites,1/11/2021,$483 ,213,38
,,Dotty Strutley,  Canada,Caramel Stuffed Bars,1/11/2021,"$10,990 ",15,478
,,Beverie Moffet,   UK,Eclairs,1/11/2021,"$3,864 ",241,184
,,Dennison Crosswaite,  Canada,Raspberry Choco,1/11/2021,"$4,942 ",232,248
,,Dennison Crosswaite,India,Spicy Special Slims,1/11/2021,"$9,828 ",195,351
,,Camilla Castle,India,Mint Chip Choco,2/11/2021,"$3,528 ",148,236
,,Beverie Moffet,USA,Peanut Butter Cubes,2/11/2021,"$7,511 ",172,418
,,Jan Morforth,  New Zealand,Organic Choco Syrup,2/11/2021,"$10,269 ",234,447
,,Roddy Speechley, USA,Organic Choco Syrup,2/11/2021,"$10,024 ",10,358
,,Karlen McCaffrey,USA,Choco Coated Almonds,2/11/2021,"$4,648 ",232,291
,,Mallorie Waber, USA,Choco Coated Almonds,2/11/2021,"$1,771 ",34,85
,,Kaine Padly,USA,Peanut Butter Cubes,2/11/2021,"$8,869 ",188,370
,,Curtice Advani,  USA,50% Dark Bites,2/11/2021,"$8,463 ",509,529
,,Jehu Rudeforth, USA,Eclairs,2/11/2021,"$8,729 ",388,546
,,Dennison Crosswaite,   Australia,Peanut Butter Cubes,2/11/2021,"$1,708 ",455,78
,,Gunar Cockshoot, USA,Caramel Stuffed Bars,2/11/2021,$196 ,183,9
,,Brien Boise,  Australia,Raspberry Choco,2/11/2021,"$2,646 ",298,133
,,Gigi Bohling,   Australia,Baker's Choco Chips,2/11/2021,$665 ,8,48
,,Roddy Speechley, UK,99% Dark & Pure,3/11/2021,"$9,856 ",164,493
,,Camilla Castle,  Canada,Manuka Honey Choco,3/11/2021,"$8,435 ",96,256
,,Dennison Crosswaite,   Australia,Fruit & Nut Bars,3/11/2021,"$5,586 ",142,430
,,Curtice Advani,  USA,Choco Coated Almonds,3/11/2021,"$2,709 ",230,136
,,Marney O'Breen,USA,Fruit & Nut Bars,3/11/2021,"$3,724 ",253,249
,,Gigi Bohling,   Canada,99% Dark & Pure,3/11/2021,"$4,046 ",56,184
,,Wilone O'Kielt, India,Fruit & Nut Bars,3/11/2021,"$1,169 ",279,117
,,Dennison Crosswaite,   Australia,Orange Choco,4/11/2021,"$12,474 ",298,1560
,,Roddy Speechley,Canada,Smooth Sliky Salty,4/11/2021,"$5,838 ",79,278
,,Mallorie Waber,  UK,Smooth Sliky Salty,4/11/2021,"$5,488 ",119,392
,,Brien Boise,New Zealand,Almond Choco,4/11/2021,$539 ,23,29
,,Gigi Bohling, New Zealand,Almond Choco,4/11/2021,"$1,211 ",11,56
,,Beverie Moffet,  Canada,Fruit & Nut Bars,4/11/2021,"$1,841 ",217,132
,,Roddy Speechley,Canada,Milk Bars,4/11/2021,"$14,882 ",183,532
,,Husein Augar,  USA,Organic Choco Syrup,4/11/2021,"$2,590 ",115,90
,,Kaine Padly,India,Drinking Coco,4/11/2021,"$3,829 ",87,142
,,Ches Bonnell,   USA,Drinking Coco,4/11/2021,"$4,207 ",203,169
,,Roddy Speechley, Australia,99% Dark & Pure,4/11/2021,"$20,608 ",10,1145
,,Jehu Rudeforth,   India,Manuka Honey Choco,4/11/2021,"$2,737 ",96,98
,,Gunar Cockshoot,  Australia,Raspberry Choco,4/11/2021,"$5,873 ",28,392
,,Rafaelita Blaksland,Canada,After Nines,4/11/2021,"$2,674 ",44,90
,,Jan Morforth, UK,Caramel Stuffed Bars,5/11/2021,"$9,982 ",372,400
,,Husein Augar, Australia,Milk Bars,5/11/2021,$952 ,500,42
,,Barr Faughny,  New Zealand,After Nines,5/11/2021,"$3,353 ",235,112
,,Oby Sorrel,   New Zealand,Organic Choco Syrup,5/11/2021,"$1,960 ",51,68
,,Dotty Strutley,   India,Organic Choco Syrup,5/11/2021,$224 ,35,8
,,Husein Augar, New Zealand,After Nines,5/11/2021,"$3,178 ",176,133
,,Jehu Rudeforth,   New Zealand,Orange Choco,5/11/2021,"$12,103 ",376,1211
,,Karlen McCaffrey,India,Eclairs,5/11/2021,"$12,642 ",197,973
,,Curtice Advani,   Canada,Spicy Special Slims,5/11/2021,"$3,542 ",283,154
,,Dennison Crosswaite, India,Organic Choco Syrup,5/11/2021,"$8,505 ",429,294
,,Wilone O'Kielt,   USA,Eclairs,5/11/2021,"$16,856 ",194,937
,,Gunar Cockshoot,New Zealand,Organic Choco Syrup,5/11/2021,"$5,306 ",38,222
,,Curtice Advani,   Australia,Smooth Sliky Salty,5/11/2021,"$2,198 ",292,170
,,Marney O'Breen,Australia,Organic Choco Syrup,5/11/2021,"$10,304 ",124,356
,,Ches Bonnell,India,Choco Coated Almonds,5/11/2021,"$2,765 ",75,146
,,Jan Morforth,   India,85% Dark Bars,5/11/2021,"$5,362 ",6,269
,,Karlen McCaffrey, Australia,Drinking Coco,5/11/2021,"$6,489 ",117,260
,,Kaine Padly,  Canada,Drinking Coco,5/11/2021,"$1,239 ",371,43
,,Oby Sorrel,UK,After Nines,5/11/2021,"$2,968 ",61,110
,,Kelci Walkden,   India,99% Dark & Pure,5/11/2021,"$1,589 ",54,73
,,Andria Kimpton,   New Zealand,Spicy Special Slims,5/11/2021,"$10,353 ",203,370
,,Madelene Upcott,   UK,50% Dark Bites,5/11/2021,"$10,864 ",498,836
,,Husein Augar,  USA,Baker's Choco Chips,5/11/2021,"$2,037 ",124,157
,,Mallorie Waber, UK,After Nines,5/11/2021,"$5,306 ",178,183
,,Madelene Upcott,   Australia,Orange Choco,8/11/2021,"$15,883 ",160,1444
,,Dennison Crosswaite,   Australia,70% Dark Bites,8/11/2021,"$4,242 ",10,327
,,Husein Augar,  Canada,Drinking Coco,8/11/2021,$833 ,75,30
,,Wilone O'Kielt,  UK,70% Dark Bites,8/11/2021,"$2,653 ",193,266
,,Karlen McCaffrey, USA,Caramel Stuffed Bars,8/11/2021,"$2,730 ",96,98
,,Karlen McCaffrey,  UK,Mint Chip Choco,8/11/2021,$140 ,61,8
,,Kelci Walkden,   India,Eclairs,8/11/2021,"$4,102 ",237,293
,,Dennison Crosswaite, India,85% Dark Bars,8/11/2021,"$8,547 ",88,503
,,Wilone O'Kielt,  UK,Raspberry Choco,9/11/2021,"$8,519 ",375,568
,,Kaine Padly,   Australia,99% Dark & Pure,9/11/2021,$413 ,145,19
,,Jehu Rudeforth,   New Zealand,Almond Choco,9/11/2021,"$8,190 ",67,390
,,Roddy Speechley,   New Zealand,Spicy Special Slims,9/11/2021,"$1,393 ",113,50
,,Gunar Cockshoot,   India,Choco Coated Almonds,9/11/2021,"$3,367 ",369,154
,,Camilla Castle,UK,Choco Coated Almonds,9/11/2021,"$3,969 ",293,181
,,Karlen McCaffrey,  Australia,White Choc,9/11/2021,"$4,550 ",57,380
,,Kelci Walkden,India,Raspberry Choco,9/11/2021,"$5,796 ",138,306
,,Gunar Cockshoot,Australia,Fruit & Nut Bars,9/11/2021,"$1,218 ",167,102
,,Marney O'Breen, Australia,Peanut Butter Cubes,9/11/2021,"$5,488 ",39,262
,,Marney O'Breen,New Zealand,Orange Choco,9/11/2021,$259 ,579,26
,,Curtice Advani, India,Milk Bars,9/11/2021,"$6,545 ",311,219
,,Mallorie Waber,India,Eclairs,10/11/2021,"$5,257 ",212,263
,,Camilla Castle,   Canada,85% Dark Bars,10/11/2021,"$7,875 ",74,493
,,Barr Faughny, Australia,White Choc,10/11/2021,"$1,820 ",297,203
,,Barr Faughny, USA,Mint Chip Choco,10/11/2021,"$2,205 ",6,117
,,Kaine Padly,Australia,Milk Bars,11/11/2021,"$9,044 ",180,312
,,Jan Morforth,Canada,Mint Chip Choco,11/11/2021,"$8,799 ",91,489
,,Dennison Crosswaite, Canada,Caramel Stuffed Bars,11/11/2021,"$4,627 ",42,178
,,Karlen McCaffrey, Australia,Choco Coated Almonds,11/11/2021,"$8,015 ",136,422
,,Husein Augar,   UK,Caramel Stuffed Bars,11/11/2021,$840 ,5,29
,,Husein Augar,USA,50% Dark Bites,11/11/2021,"$12,173 ",276,1107
,,Jan Morforth,India,Almond Choco,11/11/2021,"$8,743 ",18,398
,,Beverie Moffet,   New Zealand,Eclairs,11/11/2021,"$8,561 ",3,408
,,Wilone O'Kielt,   Canada,99% Dark & Pure,11/11/2021,"$7,357 ",37,307
,,Brien Boise,  Australia,99% Dark & Pure,11/11/2021,"$2,037 ",9,108
,,Wilone O'Kielt,Australia,85% Dark Bars,11/11/2021,"$12,012 ",124,546
,,Dotty Strutley,  Australia,Smooth Sliky Salty,11/11/2021,"$6,979 ",59,499
,,Camilla Castle,  Canada,Spicy Special Slims,11/11/2021,"$4,529 ",394,175
,,Curtice Advani,Australia,Peanut Butter Cubes,11/11/2021,"$14,406 ",48,759
,,Oby Sorrel,India,Raspberry Choco,11/11/2021,"$14,511 ",155,807
,,Karlen McCaffrey, India,Mint Chip Choco,11/11/2021,"$3,290 ",16,174
,,Karlen McCaffrey,USA,White Choc,12/11/2021,"$11,557 ",19,964
,,Oby Sorrel,India,99% Dark & Pure,12/11/2021,"$9,758 ",175,465
,,Gigi Bohling,Canada,70% Dark Bites,12/11/2021,"$6,195 ",165,564
,,Roddy Speechley, New Zealand,Choco Coated Almonds,12/11/2021,"$19,894 ",320,995
,,Brien Boise, India,Spicy Special Slims,12/11/2021,"$1,638 ",72,75
,,Oby Sorrel, India,White Choc,12/11/2021,"$2,163 ",130,181
,,Jan Morforth,UK,Manuka Honey Choco,12/11/2021,"$4,872 ",116,174
,,Barr Faughny,India,Drinking Coco,12/11/2021,"$16,240 ",170,739
,,Gunar Cockshoot,Canada,50% Dark Bites,12/11/2021,"$14,357 ",153,1306
,,Jan Morforth,India,Caramel Stuffed Bars,12/11/2021,$889 ,78,36
,,Kaine Padly,  USA,Mint Chip Choco,12/11/2021,$406 ,96,21
,,Husein Augar,   Canada,Raspberry Choco,12/11/2021,"$1,932 ",161,121
,,Mallorie Waber,   UK,Fruit & Nut Bars,12/11/2021,"$9,184 ",402,511
,,Kaine Padly, Canada,Smooth Sliky Salty,12/11/2021,"$7,014 ",280,540
,,Jan Morforth,Canada,Baker's Choco Chips,12/11/2021,"$9,926 ",170,1103
,,Van Tuxwell,UK,50% Dark Bites,12/11/2021,"$11,697 ",619,1064
,,Camilla Castle,  India,Peanut Butter Cubes,12/11/2021,$840 ,52,42
,,Marney O'Breen,Australia,Milk Bars,15/11/2021,"$4,725 ",104,197
,,Ches Bonnell, Australia,Orange Choco,15/11/2021,"$8,043 ",20,1006
,,Wilone O'Kielt,   Canada,Milk Bars,15/11/2021,$994 ,51,40
,,Roddy Speechley, New Zealand,Manuka Honey Choco,15/11/2021,"$16,359 ",279,528
,,Roddy Speechley,  Canada,After Nines,15/11/2021,"$2,660 ",72,99
,,Mallorie Waber,   UK,50% Dark Bites,15/11/2021,"$11,431 ",131,880
,,Gunar Cockshoot,   USA,White Choc,15/11/2021,$147 ,47,13
,,Curtice Advani,   New Zealand,Caramel Stuffed Bars,15/11/2021,$161 ,190,7
,,Madelene Upcott,UK,Organic Choco Syrup,15/11/2021,"$3,528 ",275,142
,,Husein Augar,   Australia,After Nines,15/11/2021,"$1,981 ",117,80
,,Madelene Upcott,   India,White Choc,15/11/2021,"$6,139 ",50,384
,,Brien Boise, Australia,Manuka Honey Choco,15/11/2021,"$1,890 ",483,66
,,Jehu Rudeforth, USA,99% Dark & Pure,15/11/2021,"$5,551 ",118,327
,,Marney O'Breen, New Zealand,Milk Bars,15/11/2021,"$14,742 ",219,546
,,Jan Morforth,   UK,70% Dark Bites,15/11/2021,"$7,637 ",115,510
,,Rafaelita Blaksland, Canada,Eclairs,16/11/2021,"$11,620 ",208,684
,,Rafaelita Blaksland, Canada,Manuka Honey Choco,16/11/2021,"$3,171 ",294,100
,,Karlen McCaffrey,  UK,Spicy Special Slims,16/11/2021,"$4,718 ",281,182
,,Gunar Cockshoot, Canada,Manuka Honey Choco,16/11/2021,"$7,511 ",15,243
,,Gunar Cockshoot,UK,Raspberry Choco,16/11/2021,"$4,858 ",81,232
,,Roddy Speechley, Canada,Baker's Choco Chips,16/11/2021,$637 ,90,46
,,Curtice Advani,USA,After Nines,16/11/2021,"$3,283 ",79,118
,,Mallorie Waber,Australia,Almond Choco,16/11/2021,"$4,760 ",199,207
,,Beverie Moffet,  UK,Smooth Sliky Salty,16/11/2021,"$4,893 ",26,258
,,Madelene Upcott,Australia,85% Dark Bars,16/11/2021,"$2,373 ",83,140
,,Husein Augar,India,Peanut Butter Cubes,16/11/2021,"$3,689 ",51,148
,,Camilla Castle,  USA,Caramel Stuffed Bars,16/11/2021,"$1,526 ",69,67
,,Beverie Moffet,   Australia,99% Dark & Pure,16/11/2021,"$2,156 ",171,98
,,Dotty Strutley,India,Caramel Stuffed Bars,16/11/2021,$210 ,167,8
,,Dotty Strutley,  Australia,Orange Choco,17/11/2021,"$7,700 ",231,963
,,Brien Boise,   USA,Orange Choco,17/11/2021,"$3,766 ",46,343
,,Kaine Padly, Canada,White Choc,17/11/2021,"$4,837 ",25,404
,,Karlen McCaffrey,  USA,Eclairs,17/11/2021,"$9,016 ",256,694
,,Andria Kimpton,   UK,Mint Chip Choco,17/11/2021,$448 ,76,23
,,Camilla Castle,   UK,50% Dark Bites,17/11/2021,"$9,065 ",47,648
,,Kaine Padly,USA,99% Dark & Pure,18/11/2021,"$1,456 ",542,70
,,Kelci Walkden,  UK,Smooth Sliky Salty,18/11/2021,"$2,464 ",78,165
,,Marney O'Breen,UK,White Choc,18/11/2021,"$14,161 ",76,886
,,Roddy Speechley,USA,Mint Chip Choco,18/11/2021,"$5,481 ",309,289
,,Rafaelita Blaksland,   New Zealand,White Choc,18/11/2021,"$2,177 ",102,156
,,Kaine Padly,UK,After Nines,18/11/2021,$21 ,387,1
,,Curtice Advani, UK,Milk Bars,18/11/2021,$350 ,41,13
,,Husein Augar,Canada,Fruit & Nut Bars,18/11/2021,"$11,018 ",270,787
,,Husein Augar, New Zealand,85% Dark Bars,18/11/2021,"$4,277 ",121,204
,,Jehu Rudeforth,Australia,Drinking Coco,18/11/2021,"$3,367 ",330,154
,,Brien Boise,   USA,Manuka Honey Choco,18/11/2021,"$1,925 ",273,61
,,Andria Kimpton,   UK,Caramel Stuffed Bars,18/11/2021,"$9,590 ",212,384
,,Husein Augar, Australia,Mint Chip Choco,18/11/2021,"$13,832 ",71,814
,,Camilla Castle,Australia,Orange Choco,18/11/2021,"$8,134 ",46,814
,,Kelci Walkden,  India,Almond Choco,19/11/2021,"$6,685 ",50,335
,,Camilla Castle,  USA,Choco Coated Almonds,19/11/2021,"$2,142 ",128,134
,,Rafaelita Blaksland,New Zealand,Choco Coated Almonds,19/11/2021,"$15,407 ",32,701
,,Camilla Castle,   UK,70% Dark Bites,19/11/2021,$623 ,234,48
,,Brien Boise,  UK,99% Dark & Pure,19/11/2021,"$1,085 ",529,68
,,Ches Bonnell, Canada,70% Dark Bites,19/11/2021,"$2,933 ",79,226
,,Karlen McCaffrey,   New Zealand,Spicy Special Slims,22/11/2021,"$13,860 ",177,693
,,Kelci Walkden,Canada,Orange Choco,22/11/2021,"$3,787 ",126,316
,,Ches Bonnell,  Canada,Eclairs,22/11/2021,"$1,085 ",86,73
,,Karlen McCaffrey,   New Zealand,70% Dark Bites,22/11/2021,"$16,926 ",164,1302
,,Curtice Advani,UK,Mint Chip Choco,22/11/2021,"$3,311 ",67,255
,,Camilla Castle, India,Choco Coated Almonds,22/11/2021,"$3,360 ",66,160
,,Kelci Walkden,  India,50% Dark Bites,22/11/2021,"$11,683 ",230,1461
,,Andria Kimpton,  New Zealand,Smooth Sliky Salty,23/11/2021,$532 ,125,32
,,Brien Boise, India,Mint Chip Choco,23/11/2021,"$11,466 ",21,637
,,Van Tuxwell,Canada,Smooth Sliky Salty,23/11/2021,$574 ,316,34
,,Beverie Moffet,  UK,99% Dark & Pure,23/11/2021,"$1,547 ",128,68
,,Van Tuxwell, New Zealand,Peanut Butter Cubes,23/11/2021,"$6,356 ",14,255
,,Curtice Advani,UK,Peanut Butter Cubes,23/11/2021,"$7,833 ",77,357
,,Marney O'Breen,UK,Peanut Butter Cubes,23/11/2021,"$7,280 ",179,331
,,Gigi Bohling, USA,Smooth Sliky Salty,23/11/2021,$686 ,52,35
,,Van Tuxwell, India,After Nines,23/11/2021,"$4,480 ",56,145
,,Rafaelita Blaksland,  Australia,Drinking Coco,23/11/2021,"$4,928 ",141,215
,,Oby Sorrel,   Australia,Mint Chip Choco,23/11/2021,"$1,687 ",16,106
,,Dotty Strutley,   Australia,Manuka Honey Choco,23/11/2021,"$3,738 ",335,139
,,Mallorie Waber, UK,Spicy Special Slims,23/11/2021,$784 ,334,30
,,Dotty Strutley,   New Zealand,White Choc,23/11/2021,$231 ,61,17
,,Kelci Walkden,  India,85% Dark Bars,23/11/2021,"$13,825 ",129,865
,,Jehu Rudeforth,  Australia,Mint Chip Choco,23/11/2021,"$10,997 ",9,647
,,Curtice Advani,  India,Almond Choco,23/11/2021,"$2,569 ",207,136
,,Rafaelita Blaksland,   Australia,Eclairs,23/11/2021,"$13,958 ",188,997
,,Andria Kimpton, India,White Choc,23/11/2021,"$2,905 ",432,171
,,Roddy Speechley, Australia,Organic Choco Syrup,24/11/2021,"$3,801 ",233,132
,,Van Tuxwell,  USA,Baker's Choco Chips,24/11/2021,$14 ,526,1
,,Brien Boise,   UK,Raspberry Choco,24/11/2021,$70 ,194,5
,,Oby Sorrel,UK,Manuka Honey Choco,24/11/2021,"$5,138 ",605,156
,,Wilone O'Kielt, Canada,Raspberry Choco,24/11/2021,"$2,135 ",53,143
,,Brien Boise,  New Zealand,Eclairs,25/11/2021,"$2,331 ",41,146
,,Kelci Walkden,New Zealand,Organic Choco Syrup,25/11/2021,"$7,707 ",61,249
,,Camilla Castle, Canada,Choco Coated Almonds,25/11/2021,"$9,856 ",306,658
,,Oby Sorrel,   India,Caramel Stuffed Bars,25/11/2021,"$6,097 ",213,218
,,Oby Sorrel,  UK,Eclairs,25/11/2021,$245 ,269,18
,,Jan Morforth,  Canada,Milk Bars,25/11/2021,"$8,141 ",66,291
,,Curtice Advani,   Australia,White Choc,25/11/2021,"$5,656 ",20,566
,,Wilone O'Kielt,UK,Organic Choco Syrup,25/11/2021,"$7,357 ",59,320
,,Jan Morforth, India,Fruit & Nut Bars,25/11/2021,$833 ,23,84
,,Rafaelita Blaksland,   Canada,Smooth Sliky Salty,25/11/2021,"$5,299 ",41,408
,,Dotty Strutley,Australia,Fruit & Nut Bars,25/11/2021,"$1,785 ",124,149
,,Wilone O'Kielt,   USA,Choco Coated Almonds,26/11/2021,"$5,670 ",328,270
,,Beverie Moffet,USA,99% Dark & Pure,26/11/2021,"$12,810 ",196,610
,,Kelci Walkden, USA,70% Dark Bites,26/11/2021,"$11,396 ",63,1140
,,Jehu Rudeforth,UK,Manuka Honey Choco,26/11/2021,$707 ,81,23
,,Van Tuxwell, Australia,99% Dark & Pure,26/11/2021,"$2,618 ",117,146
,,Wilone O'Kielt,   India,70% Dark Bites,26/11/2021,"$8,260 ",61,636
,,Roddy Speechley,  Australia,Fruit & Nut Bars,26/11/2021,"$8,120 ",342,625
,,Rafaelita Blaksland,USA,Almond Choco,26/11/2021,"$6,713 ",111,448
,,Jan Morforth, India,White Choc,26/11/2021,"$22,512 ",74,2047
,,Husein Augar,   Australia,Spicy Special Slims,29/11/2021,"$1,400 ",116,54
,,Roddy Speechley, New Zealand,70% Dark Bites,29/11/2021,"$1,540 ",377,103
,,Van Tuxwell,   Australia,Eclairs,29/11/2021,$903 ,257,57
,,Kaine Padly,  Canada,Raspberry Choco,29/11/2021,"$3,857 ",311,227
,,Wilone O'Kielt,UK,50% Dark Bites,29/11/2021,$840 ,120,60
,,Madelene Upcott,   UK,Milk Bars,29/11/2021,$119 ,271,5
,,Brien Boise,   Australia,50% Dark Bites,29/11/2021,"$3,500 ",391,270
,,Husein Augar,   India,White Choc,29/11/2021,"$8,435 ",35,938
,,Dennison Crosswaite,India,White Choc,29/11/2021,"$10,640 ",137,819
,,Barr Faughny,USA,85% Dark Bars,29/11/2021,"$1,155 ",256,49
,,Karlen McCaffrey,  Canada,Eclairs,29/11/2021,$133 ,33,7
,,Andria Kimpton, Australia,Fruit & Nut Bars,29/11/2021,"$14,007 ",400,1274
,,Jan Morforth,   India,50% Dark Bites,30/11/2021,"$10,724 ",111,766
,,Kaine Padly, UK,Fruit & Nut Bars,30/11/2021,"$2,611 ",108,201
,,Mallorie Waber,   India,Almond Choco,30/11/2021,"$5,663 ",23,334
,,Kelci Walkden, New Zealand,Eclairs,30/11/2021,"$12,796 ",104,640
,,Jan Morforth,   India,Baker's Choco Chips,30/11/2021,"$4,571 ",139,305
,,Marney O'Breen,Australia,50% Dark Bites,30/11/2021,"$5,866 ",219,652
,,Dennison Crosswaite,New Zealand,Raspberry Choco,30/11/2021,"$8,309 ",102,554
,,Mallorie Waber,Australia,Smooth Sliky Salty,30/11/2021,"$8,540 ",149,657
,,Jan Morforth,   Australia,After Nines,30/11/2021,"$2,310 ",76,83
,,Oby Sorrel,  India,Fruit & Nut Bars,1/12/2021,"$2,597 ",267,200
,,Dotty Strutley,Australia,After Nines,1/12/2021,"$2,156 ",309,77
,,Roddy Speechley, India,Orange Choco,1/12/2021,$826 ,76,76
,,Camilla Castle, Canada,Smooth Sliky Salty,1/12/2021,"$4,004 ",131,267
,,Kaine Padly,  New Zealand,Smooth Sliky Salty,1/12/2021,"$13,636 ",161,650
,,Curtice Advani,  Australia,50% Dark Bites,1/12/2021,"$3,808 ",262,381
,,Gunar Cockshoot,India,Fruit & Nut Bars,1/12/2021,"$6,076 ",234,608
,,Camilla Castle, USA,Spicy Special Slims,1/12/2021,"$9,051 ",108,453
,,Kaine Padly,   Canada,Baker's Choco Chips,1/12/2021,"$12,124 ",98,1213
,,Oby Sorrel,  New Zealand,Eclairs,2/12/2021,"$10,094 ",87,594
,,Ches Bonnell,India,Organic Choco Syrup,2/12/2021,"$1,771 ",105,58
,,Gunar Cockshoot,   Australia,White Choc,2/12/2021,"$5,474 ",13,498
,,Beverie Moffet,  Canada,After Nines,3/12/2021,"$15,701 ",179,655
,,Husein Augar,  UK,99% Dark & Pure,3/12/2021,"$8,813 ",305,441
,,Marney O'Breen,Australia,Drinking Coco,3/12/2021,"$2,009 ",64,78
,,Van Tuxwell,India,Raspberry Choco,3/12/2021,"$8,029 ",140,383
,,Barr Faughny,   USA,After Nines,3/12/2021,"$5,264 ",153,220
,,Dotty Strutley,   UK,Fruit & Nut Bars,3/12/2021,"$2,247 ",231,188
,,Jan Morforth, New Zealand,Raspberry Choco,3/12/2021,$798 ,107,45
,,Madelene Upcott, Canada,White Choc,6/12/2021,"$2,107 ",111,141
,,Dotty Strutley,  Australia,70% Dark Bites,6/12/2021,"$8,946 ",122,814
,,Gunar Cockshoot,Australia,Organic Choco Syrup,6/12/2021,"$2,947 ",359,96
,,Jehu Rudeforth,   New Zealand,Choco Coated Almonds,6/12/2021,"$12,418 ",116,654
,,Husein Augar,  USA,Fruit & Nut Bars,6/12/2021,"$5,894 ",67,328
,,Madelene Upcott, USA,85% Dark Bars,7/12/2021,"$3,171 ",101,145
,,Curtice Advani, USA,Organic Choco Syrup,7/12/2021,"$10,458 ",27,419
,,Gunar Cockshoot,   Australia,Eclairs,7/12/2021,$420 ,120,27
,,Jan Morforth,   Australia,Baker's Choco Chips,7/12/2021,"$1,638 ",254,126
,,Kaine Padly,   India,Eclairs,7/12/2021,"$8,708 ",129,436
,,Beverie Moffet,   Australia,Almond Choco,7/12/2021,"$5,663 ",225,334
,,Husein Augar,   Australia,Smooth Sliky Salty,7/12/2021,$343 ,52,21
,,Mallorie Waber, USA,85% Dark Bars,7/12/2021,"$1,351 ",14,68
,,Beverie Moffet,UK,Fruit & Nut Bars,7/12/2021,"$3,346 ",143,305
,,Kaine Padly,   India,70% Dark Bites,7/12/2021,"$7,917 ",163,1131
,,Brien Boise,  New Zealand,Raspberry Choco,7/12/2021,"$2,527 ",275,115
,,Ches Bonnell,   New Zealand,99% Dark & Pure,7/12/2021,"$6,685 ",31,304
,,Brien Boise,  New Zealand,Orange Choco,7/12/2021,"$5,145 ",282,572
,,Curtice Advani,   India,Manuka Honey Choco,7/12/2021,"$1,260 ",104,47
,,Gigi Bohling, New Zealand,Caramel Stuffed Bars,7/12/2021,"$1,344 ",304,54
,,Roddy Speechley,Canada,White Choc,7/12/2021,"$17,437 ",23,1342
,,Husein Augar,   Canada,Eclairs,7/12/2021,"$7,658 ",195,404
,,Dennison Crosswaite,UK,99% Dark & Pure,7/12/2021,"$7,784 ",8,390
,,Dotty Strutley,  Australia,Raspberry Choco,7/12/2021,"$7,889 ",24,416
,,Andria Kimpton, New Zealand,Peanut Butter Cubes,7/12/2021,"$5,957 ",206,314
,,Madelene Upcott,  India,50% Dark Bites,7/12/2021,"$2,457 ",383,273
,,Mallorie Waber,  USA,Smooth Sliky Salty,7/12/2021,"$11,900 ",310,700
,,Wilone O'Kielt,   New Zealand,Milk Bars,7/12/2021,"$5,817 ",41,201
,,Mallorie Waber, India,Spicy Special Slims,7/12/2021,"$8,778 ",121,352
,,Ches Bonnell,India,99% Dark & Pure,7/12/2021,$819 ,386,49
,,Camilla Castle,India,Fruit & Nut Bars,7/12/2021,"$2,121 ",287,152
,,Wilone O'Kielt,   UK,Caramel Stuffed Bars,7/12/2021,"$5,166 ",218,192
,,Beverie Moffet,India,Peanut Butter Cubes,8/12/2021,"$2,296 ",145,121
,,Rafaelita Blaksland,  Australia,Mint Chip Choco,8/12/2021,$175 ,177,9
,,Marney O'Breen,USA,Smooth Sliky Salty,8/12/2021,"$9,961 ",218,499
,,Kaine Padly,   New Zealand,Organic Choco Syrup,8/12/2021,"$2,513 ",39,84
,,Gigi Bohling, Canada,Orange Choco,8/12/2021,"$8,239 ",582,1374
,,Karlen McCaffrey,  New Zealand,Eclairs,8/12/2021,"$14,532 ",179,1118
,,Dennison Crosswaite,  New Zealand,Choco Coated Almonds,8/12/2021,"$3,955 ",318,189
,,Dennison Crosswaite,   USA,Caramel Stuffed Bars,8/12/2021,"$4,186 ",53,150
,,Kelci Walkden,Australia,85% Dark Bars,8/12/2021,"$2,156 ",184,120
,,Gunar Cockshoot,Australia,50% Dark Bites,8/12/2021,"$2,317 ",10,194
,,Jan Morforth,   New Zealand,85% Dark Bars,8/12/2021,$861 ,361,48
,,Dennison Crosswaite,   USA,Peanut Butter Cubes,8/12/2021,$182 ,275,10
,,Andria Kimpton,  Australia,White Choc,9/12/2021,"$9,002 ",1,901
,,Kaine Padly, USA,70% Dark Bites,9/12/2021,"$2,996 ",136,200
,,Oby Sorrel,  India,Smooth Sliky Salty,9/12/2021,"$2,653 ",194,133
,,Wilone O'Kielt,  India,Milk Bars,9/12/2021,"$4,648 ",247,194
,,Roddy Speechley, India,After Nines,9/12/2021,"$4,410 ",144,147
,,Jehu Rudeforth,  Canada,White Choc,9/12/2021,$168 ,95,12
,,Oby Sorrel,  Canada,Smooth Sliky Salty,9/12/2021,$749 ,193,54
,,Kelci Walkden, New Zealand,White Choc,9/12/2021,"$8,099 ",137,507
,,Andria Kimpton,  New Zealand,Eclairs,9/12/2021,"$7,378 ",22,568
,,Husein Augar,UK,Fruit & Nut Bars,10/12/2021,"$11,683 ",1,974
,,Kelci Walkden,   India,Smooth Sliky Salty,10/12/2021,"$6,076 ",290,468
,,Jehu Rudeforth, Canada,70% Dark Bites,10/12/2021,"$1,190 ",244,92
,,Jehu Rudeforth,   Australia,Caramel Stuffed Bars,10/12/2021,"$5,418 ",186,247
,,Marney O'Breen,New Zealand,Smooth Sliky Salty,10/12/2021,"$8,624 ",65,454
,,Van Tuxwell,  USA,Caramel Stuffed Bars,10/12/2021,"$4,291 ",289,154
,,Dotty Strutley,India,Eclairs,13/12/2021,"$6,636 ",185,350
,,Wilone O'Kielt,   New Zealand,Smooth Sliky Salty,13/12/2021,"$6,734 ",22,355
,,Marney O'Breen,   Australia,99% Dark & Pure,13/12/2021,"$5,327 ",201,222
,,Curtice Advani, UK,Raspberry Choco,13/12/2021,"$10,927 ",42,521
,,Mallorie Waber,Canada,Drinking Coco,13/12/2021,"$1,827 ",44,61
,,Beverie Moffet,   UK,Spicy Special Slims,13/12/2021,"$9,065 ",163,413
,,Kaine Padly,  India,85% Dark Bars,13/12/2021,"$1,645 ",117,69
,,Curtice Advani,UK,Fruit & Nut Bars,13/12/2021,"$6,804 ",271,619
,,Jehu Rudeforth, Canada,99% Dark & Pure,13/12/2021,"$2,933 ",68,163
,,Mallorie Waber, New Zealand,Fruit & Nut Bars,13/12/2021,"$18,830 ",220,1108
,,Karlen McCaffrey,  New Zealand,50% Dark Bites,13/12/2021,"$3,311 ",223,237
,,Rafaelita Blaksland,   Australia,50% Dark Bites,13/12/2021,"$6,300 ",29,630
,,Jehu Rudeforth,   UK,Smooth Sliky Salty,14/12/2021,"$11,858 ",19,791
,,Barr Faughny,USA,70% Dark Bites,14/12/2021,"$6,601 ",138,661
,,Jehu Rudeforth,USA,85% Dark Bars,14/12/2021,"$13,251 ",61,663
,,Andria Kimpton,India,Organic Choco Syrup,14/12/2021,"$9,422 ",25,410
,,Husein Augar,  Canada,Smooth Sliky Salty,14/12/2021,"$6,300 ",367,332
,,Wilone O'Kielt,   Canada,50% Dark Bites,14/12/2021,"$18,508 ",124,1683
,,Kelci Walkden, Australia,Smooth Sliky Salty,14/12/2021,"$15,204 ",433,951
,,Wilone O'Kielt,Canada,Drinking Coco,14/12/2021,"$5,327 ",66,191
,,Jan Morforth, Australia,Manuka Honey Choco,14/12/2021,"$14,616 ",100,563
,,Camilla Castle, UK,Organic Choco Syrup,14/12/2021,"$11,767 ",257,421
,,Husein Augar,  Canada,50% Dark Bites,14/12/2021,"$4,165 ",99,278
,,Gunar Cockshoot,  USA,Drinking Coco,14/12/2021,"$3,157 ",13,106
,,Curtice Advani,  New Zealand,Smooth Sliky Salty,14/12/2021,"$2,695 ",14,129
,,Gigi Bohling, Australia,Smooth Sliky Salty,14/12/2021,"$8,274 ",17,518
,,Gigi Bohling,New Zealand,Smooth Sliky Salty,15/12/2021,"$14,154 ",138,708
,,Andria Kimpton,Canada,50% Dark Bites,15/12/2021,"$4,634 ",160,422
,,Camilla Castle, New Zealand,After Nines,15/12/2021,"$6,657 ",265,209
,,Barr Faughny,  India,85% Dark Bars,15/12/2021,"$20,671 ",42,940
,,Mallorie Waber, New Zealand,After Nines,15/12/2021,"$3,087 ",8,97
,,Brien Boise,   UK,85% Dark Bars,15/12/2021,"$7,462 ",42,393
,,Oby Sorrel,Canada,Spicy Special Slims,15/12/2021,"$9,107 ",349,456
,,Jan Morforth,Canada,After Nines,15/12/2021,"$1,722 ",147,72
,,Marney O'Breen,UK,Caramel Stuffed Bars,15/12/2021,"$6,622 ",32,276
,,Oby Sorrel, UK,99% Dark & Pure,15/12/2021,"$13,090 ",134,689
,,Wilone O'Kielt, UK,Peanut Butter Cubes,15/12/2021,"$15,925 ",115,759
,,Dotty Strutley,   USA,Spicy Special Slims,15/12/2021,"$3,248 ",252,121
,,Kelci Walkden, Australia,Almond Choco,15/12/2021,"$9,338 ",48,406
,,Karlen McCaffrey,New Zealand,Milk Bars,15/12/2021,"$5,516 ",145,230
,,Mallorie Waber,USA,Almond Choco,15/12/2021,"$4,291 ",147,187
,,Curtice Advani,New Zealand,Choco Coated Almonds,15/12/2021,$917 ,35,62
,,Roddy Speechley,  India,50% Dark Bites,15/12/2021,"$8,323 ",149,555
,,Jehu Rudeforth,   New Zealand,50% Dark Bites,15/12/2021,"$1,722 ",60,123
,,Andria Kimpton,  Australia,Eclairs,15/12/2021,"$2,695 ",168,180
,,Jan Morforth,  USA,Eclairs,15/12/2021,"$5,236 ",53,250
,,Brien Boise,India,Manuka Honey Choco,15/12/2021,"$2,555 ",115,83
,,Madelene Upcott,   India,Smooth Sliky Salty,15/12/2021,"$3,885 ",43,243
,,Karlen McCaffrey,Australia,Almond Choco,15/12/2021,"$5,026 ",340,315
,,Curtice Advani,Canada,Raspberry Choco,15/12/2021,"$3,514 ",148,196
,,Marney O'Breen, UK,50% Dark Bites,15/12/2021,"$2,002 ",40,201
,,Dotty Strutley,   Canada,Manuka Honey Choco,15/12/2021,"$5,894 ",9,219
,,Ches Bonnell,   Australia,Milk Bars,15/12/2021,"$3,073 ",299,106
,,Curtice Advani,New Zealand,Raspberry Choco,15/12/2021,"$7,049 ",178,371
,,Jehu Rudeforth,India,Almond Choco,15/12/2021,"$3,654 ",414,215
,,Camilla Castle,  India,Milk Bars,15/12/2021,"$8,610 ",27,278
,,Kaine Padly,   Australia,Spicy Special Slims,16/12/2021,"$1,323 ",111,56
,,Oby Sorrel, India,50% Dark Bites,16/12/2021,"$6,636 ",19,443
,,Gunar Cockshoot,  New Zealand,Raspberry Choco,16/12/2021,"$7,427 ",164,437
,,Kelci Walkden,  Australia,Baker's Choco Chips,16/12/2021,"$2,863 ",90,205
,,Marney O'Breen,   India,Organic Choco Syrup,16/12/2021,"$3,206 ",60,104
,,Jehu Rudeforth, UK,Organic Choco Syrup,16/12/2021,$84 ,101,4
,,Marney O'Breen, Australia,Eclairs,17/12/2021,"$5,131 ",278,257
,,Dotty Strutley,  UK,Spicy Special Slims,17/12/2021,"$12,068 ",206,549
,,Mallorie Waber,  Canada,Choco Coated Almonds,17/12/2021,"$5,824 ",325,364
,,Kelci Walkden,   Australia,Choco Coated Almonds,17/12/2021,"$3,283 ",455,219
,,Ches Bonnell, India,Smooth Sliky Salty,17/12/2021,"$2,030 ",409,120
,,Dotty Strutley,USA,70% Dark Bites,17/12/2021,"$7,294 ",276,730
,,Van Tuxwell,  Canada,70% Dark Bites,17/12/2021,$966 ,81,69
,,Wilone O'Kielt, New Zealand,99% Dark & Pure,17/12/2021,"$9,303 ",35,490
,,Madelene Upcott,   New Zealand,Smooth Sliky Salty,17/12/2021,"$5,936 ",212,330
,,Jan Morforth,   USA,50% Dark Bites,17/12/2021,"$6,839 ",318,622
,,Van Tuxwell,  India,Peanut Butter Cubes,17/12/2021,"$14,980 ",519,652
,,Andria Kimpton,   New Zealand,Milk Bars,17/12/2021,"$4,277 ",97,159
,,Kaine Padly,   USA,Manuka Honey Choco,17/12/2021,"$2,415 ",472,76
,,Oby Sorrel,Canada,Raspberry Choco,17/12/2021,"$5,194 ",346,289
,,Van Tuxwell,  Australia,White Choc,17/12/2021,"$7,007 ",58,637
,,Camilla Castle,   UK,Caramel Stuffed Bars,17/12/2021,"$6,545 ",232,262
,,Gigi Bohling, India,Manuka Honey Choco,17/12/2021,$917 ,159,28
,,Mallorie Waber,   India,Smooth Sliky Salty,17/12/2021,$644 ,202,33
,,Jehu Rudeforth,   India,Smooth Sliky Salty,17/12/2021,"$5,719 ",278,286
,,Rafaelita Blaksland, UK,50% Dark Bites,17/12/2021,"$6,748 ",418,750
,,Ches Bonnell,India,Peanut Butter Cubes,20/12/2021,$896 ,205,50
,,Van Tuxwell,  Canada,White Choc,20/12/2021,"$2,639 ",266,156
,,Wilone O'Kielt,UK,Baker's Choco Chips,20/12/2021,$364 ,65,23
,,Dotty Strutley,   UK,Mint Chip Choco,20/12/2021,"$1,428 ",12,96
,,Wilone O'Kielt, UK,Mint Chip Choco,20/12/2021,"$4,466 ",83,249
,,Rafaelita Blaksland,USA,After Nines,20/12/2021,"$1,442 ",155,52
,,Van Tuxwell, New Zealand,Choco Coated Almonds,20/12/2021,"$5,355 ",425,255
,,Van Tuxwell,  USA,50% Dark Bites,20/12/2021,"$3,815 ",583,477
,,Rafaelita Blaksland,   UK,Orange Choco,20/12/2021,"$12,614 ",242,901
,,Wilone O'Kielt,   India,Eclairs,20/12/2021,$623 ,296,30
,,Gigi Bohling,   India,Milk Bars,20/12/2021,"$4,466 ",8,179
,,Marney O'Breen, India,Choco Coated Almonds,20/12/2021,"$7,049 ",476,336
,,Van Tuxwell,   UK,Choco Coated Almonds,20/12/2021,"$11,221 ",461,661
,,Gigi Bohling,New Zealand,Fruit & Nut Bars,20/12/2021,"$10,521 ",231,585
,,Ches Bonnell,  New Zealand,70% Dark Bites,20/12/2021,"$14,007 ",187,1078
,,Jehu Rudeforth,   India,85% Dark Bars,20/12/2021,"$10,507 ",117,657
,,Barr Faughny,   UK,Peanut Butter Cubes,20/12/2021,"$6,874 ",50,362
,,Dennison Crosswaite, UK,Eclairs,20/12/2021,"$9,184 ",83,707
,,Rafaelita Blaksland,   Canada,Drinking Coco,20/12/2021,"$10,542 ",205,440
,,Brien Boise,Canada,Milk Bars,20/12/2021,"$5,292 ",200,183
,,Husein Augar, Canada,Manuka Honey Choco,20/12/2021,"$11,193 ",397,386
,,Kelci Walkden, New Zealand,70% Dark Bites,20/12/2021,$686 ,108,46
,,Dennison Crosswaite,  Australia,85% Dark Bars,20/12/2021,"$14,343 ",285,755
,,Roddy Speechley,  India,Almond Choco,20/12/2021,"$17,388 ",142,870
,,Rafaelita Blaksland,  Canada,Organic Choco Syrup,21/12/2021,"$3,094 ",197,104
,,Mallorie Waber,   India,85% Dark Bars,21/12/2021,"$3,787 ",414,165
,,Andria Kimpton,New Zealand,50% Dark Bites,21/12/2021,"$3,752 ",285,417
,,Wilone O'Kielt,   India,Organic Choco Syrup,21/12/2021,"$1,197 ",229,40
,,Kaine Padly,New Zealand,Peanut Butter Cubes,21/12/2021,"$7,364 ",12,410
,,Van Tuxwell,   India,Drinking Coco,21/12/2021,"$1,841 ",13,84
,,Oby Sorrel, India,Spicy Special Slims,21/12/2021,"$3,836 ",61,148
,,Ches Bonnell, Canada,Raspberry Choco,21/12/2021,"$3,871 ",231,204
,,Madelene Upcott, Australia,Drinking Coco,21/12/2021,"$1,218 ",93,46
,,Jan Morforth,Canada,50% Dark Bites,21/12/2021,"$7,168 ",133,512
,,Oby Sorrel,  Canada,Choco Coated Almonds,21/12/2021,"$1,015 ",89,64
,,Husein Augar,USA,Orange Choco,21/12/2021,"$2,604 ",409,261
,,Jehu Rudeforth, USA,Fruit & Nut Bars,21/12/2021,"$2,177 ",24,146
,,Marney O'Breen,  India,After Nines,21/12/2021,"$7,364 ",103,307
,,Husein Augar,   New Zealand,Orange Choco,21/12/2021,"$2,058 ",257,258
,,Andria Kimpton,New Zealand,Baker's Choco Chips,21/12/2021,"$16,891 ",134,1127
,,Kaine Padly, New Zealand,Choco Coated Almonds,21/12/2021,"$15,533 ",71,1110
,,Oby Sorrel,  Canada,Caramel Stuffed Bars,21/12/2021,"$15,694 ",65,714
,,Wilone O'Kielt,Australia,Almond Choco,21/12/2021,"$5,509 ",16,276
,,Kaine Padly,  UK,Choco Coated Almonds,21/12/2021,"$6,174 ",209,386
,,Dotty Strutley,USA,Orange Choco,21/12/2021,"$1,295 ",80,162
,,Oby Sorrel, New Zealand,Fruit & Nut Bars,21/12/2021,"$2,366 ",11,182
,,Marney O'Breen,India,Fruit & Nut Bars,21/12/2021,$532 ,84,45
,,Husein Augar,India,Mint Chip Choco,21/12/2021,$735 ,231,53
,,Jan Morforth, UK,After Nines,22/12/2021,"$4,102 ",145,158
,,Gigi Bohling,   UK,Manuka Honey Choco,22/12/2021,"$4,634 ",248,160
,,Van Tuxwell,   USA,Eclairs,22/12/2021,$980 ,201,76
,,Brien Boise, New Zealand,50% Dark Bites,22/12/2021,"$3,472 ",112,386
,,Kelci Walkden, India,White Choc,22/12/2021,"$15,673 ",141,1425
,,Gigi Bohling,   UK,White Choc,22/12/2021,"$9,177 ",28,706
,,Marney O'Breen,USA,Milk Bars,22/12/2021,"$1,113 ",56,36
,,Ches Bonnell,   USA,Eclairs,22/12/2021,"$2,506 ",143,140
,,Husein Augar,  Canada,Mint Chip Choco,22/12/2021,$658 ,255,35
,,Camilla Castle,  Australia,After Nines,22/12/2021,"$4,487 ",162,167
,,Dennison Crosswaite,   UK,Manuka Honey Choco,22/12/2021,"$5,866 ",33,184
,,Rafaelita Blaksland,  New Zealand,Caramel Stuffed Bars,22/12/2021,"$14,959 ",142,680
,,Roddy Speechley, UK,50% Dark Bites,22/12/2021,"$6,356 ",233,454
,,Kelci Walkden, New Zealand,Caramel Stuffed Bars,22/12/2021,$308 ,80,11
,,Dotty Strutley,  Australia,Mint Chip Choco,22/12/2021,"$7,259 ",345,519
,,Camilla Castle,   India,Drinking Coco,22/12/2021,"$2,954 ",595,114
,,Jehu Rudeforth, Australia,85% Dark Bars,23/12/2021,$490 ,217,22
,,Marney O'Breen, New Zealand,Baker's Choco Chips,23/12/2021,"$9,898 ",79,1100
,,Curtice Advani,   Australia,Milk Bars,23/12/2021,"$19,789 ",35,683
,,Ches Bonnell, Canada,Orange Choco,23/12/2021,"$2,793 ",285,399
,,Van Tuxwell,  Canada,Baker's Choco Chips,23/12/2021,"$16,443 ",117,1645
,,Beverie Moffet,  Australia,Eclairs,23/12/2021,"$5,012 ",146,295
,,Karlen McCaffrey,Australia,Milk Bars,23/12/2021,$861 ,22,31
,,Madelene Upcott, New Zealand,50% Dark Bites,23/12/2021,"$6,370 ",17,531
,,Jan Morforth,   Australia,Orange Choco,23/12/2021,"$4,333 ",127,723
,,Marney O'Breen, India,Peanut Butter Cubes,23/12/2021,"$2,653 ",22,103
,,Mallorie Waber,  USA,Manuka Honey Choco,23/12/2021,"$1,981 ",28,80
,,Husein Augar,  UK,Orange Choco,23/12/2021,$525 ,3,41
,,Oby Sorrel, New Zealand,99% Dark & Pure,23/12/2021,$315 ,166,14
,,Wilone O'Kielt,Australia,Orange Choco,23/12/2021,$889 ,31,127
,,Oby Sorrel, Canada,70% Dark Bites,23/12/2021,"$2,954 ",444,269
,,Jehu Rudeforth,  Canada,Baker's Choco Chips,23/12/2021,"$7,497 ",122,536
,,Madelene Upcott,  UK,Peanut Butter Cubes,23/12/2021,"$4,753 ",197,199
,,Kelci Walkden,  USA,Caramel Stuffed Bars,23/12/2021,"$7,490 ",70,268
,,Ches Bonnell,   New Zealand,50% Dark Bites,23/12/2021,"$5,355 ",7,536
,,Gigi Bohling, Australia,Organic Choco Syrup,23/12/2021,"$5,642 ",6,189
,,Husein Augar,USA,99% Dark & Pure,23/12/2021,"$3,885 ",308,243
,,Gigi Bohling, India,Orange Choco,23/12/2021,$161 ,73,27
,,Barr Faughny,UK,Fruit & Nut Bars,23/12/2021,$896 ,33,60
,,Husein Augar, UK,Baker's Choco Chips,24/12/2021,$938 ,50,86
,,Marney O'Breen,New Zealand,Almond Choco,24/12/2021,"$11,235 ",113,489
,,Kelci Walkden,  New Zealand,Fruit & Nut Bars,24/12/2021,"$3,066 ",125,192
,,Jan Morforth,   New Zealand,Spicy Special Slims,24/12/2021,"$1,610 ",29,68
,,Dotty Strutley,  UK,99% Dark & Pure,24/12/2021,"$2,450 ",152,107
,,Rafaelita Blaksland,   USA,White Choc,24/12/2021,"$5,271 ",178,406
,,Andria Kimpton,  India,Eclairs,24/12/2021,"$3,262 ",282,233
,,Rafaelita Blaksland,UK,Manuka Honey Choco,24/12/2021,"$3,647 ",327,114
,,Madelene Upcott, Canada,Almond Choco,24/12/2021,$875 ,40,55
,,Oby Sorrel,  India,Milk Bars,24/12/2021,"$5,271 ",166,189
,,Camilla Castle,   India,Smooth Sliky Salty,24/12/2021,$693 ,289,37
,,Camilla Castle,  Canada,Baker's Choco Chips,24/12/2021,"$2,667 ",231,178
,,Karlen McCaffrey,  Canada,Peanut Butter Cubes,24/12/2021,"$1,449 ",303,61
,,Husein Augar,  Australia,Peanut Butter Cubes,24/12/2021,$644 ,420,27
,,Ches Bonnell,   New Zealand,Almond Choco,24/12/2021,"$11,788 ",195,786
,,Karlen McCaffrey,   Canada,70% Dark Bites,24/12/2021,$385 ,199,33
,,Dotty Strutley,   Canada,Fruit & Nut Bars,24/12/2021,$238 ,2,14
,,Camilla Castle, India,Raspberry Choco,24/12/2021,$189 ,123,9
,,Barr Faughny,   Australia,Choco Coated Almonds,24/12/2021,"$5,642 ",7,314
,,Jehu Rudeforth,Canada,85% Dark Bars,24/12/2021,"$11,858 ",61,659
,,Jehu Rudeforth, Australia,Spicy Special Slims,24/12/2021,"$3,584 ",333,171
,,Brien Boise,  USA,White Choc,24/12/2021,"$3,808 ",132,347
,,Jan Morforth, India,70% Dark Bites,24/12/2021,"$2,611 ",175,238
,,Roddy Speechley, India,Peanut Butter Cubes,24/12/2021,"$3,045 ",217,127
,,Jehu Rudeforth,India,White Choc,24/12/2021,"$5,369 ",122,448
,,Mallorie Waber,India,50% Dark Bites,24/12/2021,"$10,353 ",76,1036
,,Roddy Speechley, Australia,Milk Bars,24/12/2021,"$4,613 ",211,171
,,Camilla Castle,   UK,85% Dark Bars,24/12/2021,"$3,311 ",113,166
,,Van Tuxwell,   New Zealand,Raspberry Choco,24/12/2021,"$9,212 ",19,658
,,Beverie Moffet,Australia,Orange Choco,24/12/2021,$49 ,306,4
,,Jehu Rudeforth,   India,Spicy Special Slims,24/12/2021,"$4,844 ",40,202
,,Mallorie Waber,USA,Raspberry Choco,24/12/2021,"$2,513 ",23,120
,,Gigi Bohling,USA,Mint Chip Choco,24/12/2021,"$16,653 ",13,1041
,,Kelci Walkden,  Australia,Eclairs,24/12/2021,$0 ,285,0
,,Van Tuxwell,  Australia,85% Dark Bars,24/12/2021,"$3,052 ",64,161
,,Dotty Strutley,  India,Baker's Choco Chips,27/12/2021,"$5,600 ",106,350
,,Andria Kimpton,India,Drinking Coco,27/12/2021,"$10,906 ",7,364
,,Madelene Upcott,India,Almond Choco,27/12/2021,"$7,658 ",480,365
,,Gunar Cockshoot,Canada,Mint Chip Choco,27/12/2021,"$1,232 ",449,59
,,Mallorie Waber,  Australia,70% Dark Bites,27/12/2021,"$1,470 ",213,164
,,Brien Boise,  New Zealand,Peanut Butter Cubes,28/12/2021,"$3,150 ",99,126
,,Gunar Cockshoot,   UK,Choco Coated Almonds,28/12/2021,"$11,718 ",74,533
,,Roddy Speechley,   New Zealand,Smooth Sliky Salty,28/12/2021,"$8,575 ",77,477
,,Kaine Padly,   India,Fruit & Nut Bars,28/12/2021,"$5,950 ",29,458
,,Jehu Rudeforth,Australia,White Choc,28/12/2021,$245 ,179,25
,,Camilla Castle,   Australia,Milk Bars,28/12/2021,"$14,189 ",92,568
,,Barr Faughny,   New Zealand,White Choc,28/12/2021,"$6,566 ",35,657
,,Roddy Speechley,New Zealand,85% Dark Bars,28/12/2021,"$6,286 ",9,300
,,Oby Sorrel,  New Zealand,Drinking Coco,28/12/2021,"$10,836 ",188,417
,,Barr Faughny,   Canada,Choco Coated Almonds,28/12/2021,$616 ,220,44
,,Camilla Castle,   Australia,Organic Choco Syrup,28/12/2021,"$3,528 ",134,147
,,Mallorie Waber,   UK,Drinking Coco,28/12/2021,"$3,584 ",209,163
,,Dotty Strutley,  India,85% Dark Bars,28/12/2021,"$2,149 ",224,98
,,Beverie Moffet,  India,Choco Coated Almonds,28/12/2021,"$14,476 ",123,658
,,Dennison Crosswaite,India,Choco Coated Almonds,28/12/2021,"$11,760 ",118,840
,,Wilone O'Kielt,UK,85% Dark Bars,28/12/2021,"$3,339 ",257,167
,,Mallorie Waber,  New Zealand,Mint Chip Choco,28/12/2021,"$6,510 ",29,326
,,Rafaelita Blaksland,   Canada,Almond Choco,28/12/2021,"$7,042 ",51,307
,,Gigi Bohling,  UK,Spicy Special Slims,28/12/2021,"$12,768 ",19,456
,,Van Tuxwell,New Zealand,Almond Choco,29/12/2021,"$4,102 ",79,196
,,Mallorie Waber,  Canada,Almond Choco,29/12/2021,"$12,180 ",169,580
,,Brien Boise,   UK,Mint Chip Choco,29/12/2021,"$9,506 ",318,529
,,Madelene Upcott,  Canada,Milk Bars,29/12/2021,"$1,162 ",232,41
,,Marney O'Breen, Canada,70% Dark Bites,29/12/2021,$567 ,52,81
,,Curtice Advani,   Australia,70% Dark Bites,29/12/2021,"$8,365 ",217,761
,,Camilla Castle,UK,Baker's Choco Chips,29/12/2021,"$4,599 ",113,288
,,Gigi Bohling,  Australia,Mint Chip Choco,29/12/2021,"$7,413 ",8,391
,,Kaine Padly,Canada,70% Dark Bites,29/12/2021,"$6,069 ",453,759
,,Barr Faughny,India,Orange Choco,29/12/2021,"$5,068 ",225,724
,,Camilla Castle,  Canada,Peanut Butter Cubes,29/12/2021,"$5,474 ",435,219
,,Dotty Strutley,  UK,Baker's Choco Chips,30/12/2021,"$9,954 ",369,830
,,Marney O'Breen, India,Smooth Sliky Salty,31/12/2021,"$11,592 ",39,682